date,y_true,y_pred
2020-01-01 00:00:00+00:00,3.837432,3.8959823
2020-01-02 00:00:00+00:00,3.910584,3.7698832
2020-01-03 00:00:00+00:00,3.974592,3.6788306
2020-01-04 00:00:00+00:00,4.026408,3.7001507
2020-01-05 00:00:00+00:00,4.005072,3.8856466
2020-01-06 00:00:00+00:00,4.050792,4.089293
2020-01-07 00:00:00+00:00,4.078224,4.2114677
2020-01-08 00:00:00+00:00,4.16052,4.167062
2020-01-09 00:00:00+00:00,4.306824,4.2493973
2020-01-10 00:00:00+00:00,4.425696,4.307803
2020-01-11 00:00:00+00:00,4.611624,4.45689
2020-01-12 00:00:00+00:00,4.584192,4.639624
2020-01-13 00:00:00+00:00,4.690872,4.769022
2020-01-14 00:00:00+00:00,4.764024,4.904253
2020-01-15 00:00:00+00:00,4.84632,4.8179884
2020-01-16 00:00:00+00:00,4.934712,4.944152
2020-01-17 00:00:00+00:00,5.071872,4.960908
2020-01-18 00:00:00+00:00,5.190744,5.106497
2020-01-19 00:00:00+00:00,5.285232,5.2165337
2020-01-20 00:00:00+00:00,5.413248,5.4132924
2020-01-21 00:00:00+00:00,5.492496,5.557208
2020-01-22 00:00:00+00:00,5.629656,5.6394873
2020-01-23 00:00:00+00:00,5.727192,5.721904
2020-01-24 00:00:00+00:00,5.794248,5.763789
2020-01-25 00:00:00+00:00,5.891784,5.8360205
2020-01-26 00:00:00+00:00,5.949696,5.8787823
2020-01-27 00:00:00+00:00,6.028944,5.8869996
2020-01-28 00:00:00+00:00,6.071616,5.9265747
2020-01-29 00:00:00+00:00,6.153912,5.96281
2020-01-30 00:00:00+00:00,6.166104,5.977224
2020-01-31 00:00:00+00:00,6.169152,5.984476
2020-02-01 00:00:00+00:00,6.12648,6.03133
2020-02-02 00:00:00+00:00,6.086856,6.056039
2020-02-03 00:00:00+00:00,6.041136,6.03736
2020-02-04 00:00:00+00:00,5.964936,6.0048885
2020-02-05 00:00:00+00:00,5.934456,5.978833
2020-02-06 00:00:00+00:00,5.946648,5.9381566
2020-02-07 00:00:00+00:00,5.846064,5.8727093
2020-02-08 00:00:00+00:00,5.73024,5.799603
2020-02-09 00:00:00+00:00,5.660136,5.784477
2020-02-10 00:00:00+00:00,5.663184,5.7397594
2020-02-11 00:00:00+00:00,5.550408,5.644206
2020-02-12 00:00:00+00:00,5.504688,5.6062117
2020-02-13 00:00:00+00:00,5.492496,5.635021
2020-02-14 00:00:00+00:00,5.492496,5.5840864
2020-02-15 00:00:00+00:00,5.574792,5.520914
2020-02-16 00:00:00+00:00,5.586984,5.569092
2020-02-17 00:00:00+00:00,5.60832,5.658106
2020-02-18 00:00:00+00:00,5.660136,5.758088
2020-02-19 00:00:00+00:00,5.739384,5.751063
2020-02-20 00:00:00+00:00,5.8674,5.799225
2020-02-21 00:00:00+00:00,5.971032,5.845964
2020-02-22 00:00:00+00:00,6.092952,5.932788
2020-02-23 00:00:00+00:00,6.175248,6.0379205
2020-02-24 00:00:00+00:00,6.2514477,6.1228757
2020-02-25 00:00:00+00:00,6.336792,6.1725655
2020-02-26 00:00:00+00:00,6.43128,6.2206
2020-02-27 00:00:00+00:00,6.409944,6.2441244
2020-02-28 00:00:00+00:00,6.437376,6.259362
2020-02-29 00:00:00+00:00,6.44652,6.2841425
2020-03-01 00:00:00+00:00,6.495288,6.2558947
2020-03-02 00:00:00+00:00,6.513576,6.205962
2020-03-03 00:00:00+00:00,6.5044317,6.163823
2020-03-04 00:00:00+00:00,6.486144,6.1710463
2020-03-05 00:00:00+00:00,6.586728,6.168874
2020-03-06 00:00:00+00:00,6.550152,6.1555715
2020-03-07 00:00:00+00:00,6.608064,6.1248875
2020-03-08 00:00:00+00:00,6.580632,6.158288
2020-03-09 00:00:00+00:00,6.49224,6.1651587
2020-03-10 00:00:00+00:00,6.443472,6.1864033
2020-03-11 00:00:00+00:00,6.3733673,6.1670856
2020-03-12 00:00:00+00:00,6.29412,6.1272964
2020-03-13 00:00:00+00:00,6.181344,6.070689
2020-03-14 00:00:00+00:00,6.074664,6.040427
2020-03-15 00:00:00+00:00,5.995416,6.0078516
2020-03-16 00:00:00+00:00,5.937504,5.9322414
2020-03-17 00:00:00+00:00,5.855208,5.8514404
2020-03-18 00:00:00+00:00,5.812536,5.8009586
2020-03-19 00:00:00+00:00,5.751576,5.8036723
2020-03-20 00:00:00+00:00,5.702808,5.800252
2020-03-21 00:00:00+00:00,5.690616,5.7931614
2020-03-22 00:00:00+00:00,5.705856,5.791707
2020-03-23 00:00:00+00:00,5.751576,5.7840915
2020-03-24 00:00:00+00:00,5.788152,5.763933
2020-03-25 00:00:00+00:00,5.827776,5.7820435
2020-03-26 00:00:00+00:00,5.864352,5.82199
2020-03-27 00:00:00+00:00,5.910072,5.8550234
2020-03-28 00:00:00+00:00,5.977128,5.8971615
2020-03-29 00:00:00+00:00,6.028944,5.939364
2020-03-30 00:00:00+00:00,6.083808,5.981403
2020-03-31 00:00:00+00:00,6.144768,6.033412
2020-04-01 00:00:00+00:00,6.205728,6.0773625
2020-04-02 00:00:00+00:00,6.254496,6.1073713
2020-04-03 00:00:00+00:00,6.3002157,6.150396
2020-04-04 00:00:00+00:00,6.3520317,6.1698465
2020-04-05 00:00:00+00:00,6.41604,6.2261996
2020-04-06 00:00:00+00:00,6.486144,6.183353
2020-04-07 00:00:00+00:00,6.5044317,6.2059727
2020-04-08 00:00:00+00:00,6.489192,6.239455
2020-04-09 00:00:00+00:00,6.528816,6.263118
2020-04-10 00:00:00+00:00,6.5196724,6.2645025
2020-04-11 00:00:00+00:00,6.5227194,6.238421
2020-04-12 00:00:00+00:00,6.5684404,6.233883
2020-04-13 00:00:00+00:00,6.617208,6.2286067
2020-04-14 00:00:00+00:00,6.632448,6.2102156
2020-04-15 00:00:00+00:00,6.665976,6.199724
2020-04-16 00:00:00+00:00,6.745224,6.211464
2020-04-17 00:00:00+00:00,6.69036,6.2480726
2020-04-18 00:00:00+00:00,6.7056,6.2801366
2020-04-19 00:00:00+00:00,6.632448,6.2746964
2020-04-20 00:00:00+00:00,6.635496,6.3014255
2020-04-21 00:00:00+00:00,6.59892,6.2979803
2020-04-22 00:00:00+00:00,6.5714884,6.258066
2020-04-23 00:00:00+00:00,6.565392,6.255501
2020-04-24 00:00:00+00:00,6.5196724,6.2425027
2020-04-25 00:00:00+00:00,6.5196724,6.235497
2020-04-26 00:00:00+00:00,6.495288,6.211026
2020-04-27 00:00:00+00:00,6.4739513,6.1821365
2020-04-28 00:00:00+00:00,6.403848,6.1720705
2020-04-29 00:00:00+00:00,6.440424,6.1678925
2020-04-30 00:00:00+00:00,6.4007998,6.1499467
2020-05-01 00:00:00+00:00,6.388608,6.0374365
2020-05-02 00:00:00+00:00,6.379464,6.0966616
2020-05-03 00:00:00+00:00,6.30936,6.1055164
2020-05-04 00:00:00+00:00,6.239256,6.109872
2020-05-05 00:00:00+00:00,6.18744,6.0777545
2020-05-06 00:00:00+00:00,6.15696,6.053877
2020-05-07 00:00:00+00:00,6.083808,6.0227594
2020-05-08 00:00:00+00:00,6.013704,5.9845767
2020-05-09 00:00:00+00:00,5.998464,5.985465
2020-05-10 00:00:00+00:00,5.964936,5.9461203
2020-05-11 00:00:00+00:00,5.89788,5.9101596
2020-05-12 00:00:00+00:00,5.855208,5.9112577
2020-05-13 00:00:00+00:00,5.82168,5.891962
2020-05-14 00:00:00+00:00,5.785104,5.8466196
2020-05-15 00:00:00+00:00,5.85216,5.791823
2020-05-16 00:00:00+00:00,5.736336,5.7543936
2020-05-17 00:00:00+00:00,5.715,5.714218
2020-05-18 00:00:00+00:00,5.632704,5.7161365
2020-05-19 00:00:00+00:00,5.568696,5.640991
2020-05-20 00:00:00+00:00,5.519928,5.555157
2020-05-21 00:00:00+00:00,5.449824,5.4732757
2020-05-22 00:00:00+00:00,5.413248,5.41743
2020-05-23 00:00:00+00:00,5.355336,5.2655687
2020-05-24 00:00:00+00:00,5.324856,5.162758
2020-05-25 00:00:00+00:00,5.297424,5.162118
2020-05-26 00:00:00+00:00,5.306568,5.169981
2020-05-27 00:00:00+00:00,5.279136,5.2223654
2020-05-28 00:00:00+00:00,5.215128,5.238528
2020-05-29 00:00:00+00:00,5.193792,5.2916117
2020-05-30 00:00:00+00:00,5.187696,5.31697
2020-05-31 00:00:00+00:00,5.184648,5.260604
2020-06-01 00:00:00+00:00,5.245608,5.2310767
2020-06-02 00:00:00+00:00,5.285232,5.298806
2020-06-03 00:00:00+00:00,5.340096,5.3427076
2020-06-04 00:00:00+00:00,5.376672,5.3980546
2020-06-05 00:00:00+00:00,5.385816,5.4392223
2020-06-06 00:00:00+00:00,5.468112,5.454491
2020-06-07 00:00:00+00:00,5.65404,5.441305
2020-06-08 00:00:00+00:00,5.742432,5.4245877
2020-06-09 00:00:00+00:00,5.611368,5.463008
2020-06-10 00:00:00+00:00,5.62356,5.5667806
2020-06-11 00:00:00+00:00,5.66928,5.6372976
2020-06-12 00:00:00+00:00,5.702808,5.5507536
2020-06-13 00:00:00+00:00,5.702808,5.504492
2020-06-14 00:00:00+00:00,5.68452,5.5663805
2020-06-15 00:00:00+00:00,5.626608,5.6669483
2020-06-16 00:00:00+00:00,5.565648,5.664602
2020-06-17 00:00:00+00:00,5.480304,5.6188564
2020-06-18 00:00:00+00:00,5.388864,5.5515656
2020-06-19 00:00:00+00:00,5.300472,5.489005
2020-06-20 00:00:00+00:00,5.157216,5.4181733
2020-06-21 00:00:00+00:00,5.050536,5.341428
2020-06-22 00:00:00+00:00,4.919472,5.250772
2020-06-23 00:00:00+00:00,4.803648,5.1365356
2020-06-24 00:00:00+00:00,4.700016,5.0335174
2020-06-25 00:00:00+00:00,4.58724,4.8904634
2020-06-26 00:00:00+00:00,4.468368,4.777399
2020-06-27 00:00:00+00:00,4.325112,4.643022
2020-06-28 00:00:00+00:00,4.194048,4.5211234
2020-06-29 00:00:00+00:00,4.047744,4.3672833
2020-06-30 00:00:00+00:00,3.867912,4.1577153
2020-07-01 00:00:00+00:00,3.678936,3.9520383
2020-07-02 00:00:00+00:00,3.486912,3.7544394
2020-07-03 00:00:00+00:00,3.328416,3.553526
2020-07-04 00:00:00+00:00,3.172968,3.3121016
2020-07-05 00:00:00+00:00,3.084576,3.0576127
2020-07-06 00:00:00+00:00,3.057144,2.941079
2020-07-07 00:00:00+00:00,3.026664,2.8717816
2020-07-08 00:00:00+00:00,3.090672,2.8490067
2020-07-09 00:00:00+00:00,3.182112,2.8917103
2020-07-10 00:00:00+00:00,3.319272,2.9237113
2020-07-11 00:00:00+00:00,3.389376,2.9890773
2020-07-12 00:00:00+00:00,3.450336,3.0999663
2020-07-13 00:00:00+00:00,3.493008,3.285883
2020-07-14 00:00:00+00:00,3.483864,3.4040105
2020-07-15 00:00:00+00:00,3.39852,3.4242535
2020-07-16 00:00:00+00:00,3.151632,3.4498725
2020-07-17 00:00:00+00:00,2.923032,3.3806775
2020-07-18 00:00:00+00:00,2.676144,3.2164059
2020-07-19 00:00:00+00:00,2.459736,2.8656895
2020-07-20 00:00:00+00:00,2.282952,2.481068
2020-07-21 00:00:00+00:00,2.185416,2.211396
2020-07-22 00:00:00+00:00,2.121408,2.0185754
2020-07-23 00:00:00+00:00,2.185416,1.9144939
2020-07-24 00:00:00+00:00,2.170176,1.8731213
2020-07-25 00:00:00+00:00,2.090928,1.8868368
2020-07-26 00:00:00+00:00,2.029968,1.9672399
2020-07-27 00:00:00+00:00,1.975104,2.0308456
2020-07-28 00:00:00+00:00,1.9202402,1.9867058
2020-07-29 00:00:00+00:00,1.905,1.9416647
2020-07-30 00:00:00+00:00,1.865376,1.8555446
2020-07-31 00:00:00+00:00,1.847088,1.7947493
2020-08-01 00:00:00+00:00,1.816608,1.7810891
2020-08-02 00:00:00+00:00,1.795272,1.7451661
2020-08-03 00:00:00+00:00,1.801368,1.7268068
2020-08-04 00:00:00+00:00,1.72212,1.7018564
2020-08-05 00:00:00+00:00,1.703832,1.7214091
2020-08-06 00:00:00+00:00,1.636776,1.7683197
2020-08-07 00:00:00+00:00,1.664208,1.7398654
2020-08-08 00:00:00+00:00,1.758696,1.7395527
2020-08-09 00:00:00+00:00,1.85928,1.69952
2020-08-10 00:00:00+00:00,1.956816,1.6712583
2020-08-11 00:00:00+00:00,2.066544,1.7273629
2020-08-12 00:00:00+00:00,2.170176,1.8100916
2020-08-13 00:00:00+00:00,2.22504,1.9398768
2020-08-14 00:00:00+00:00,2.197608,2.061115
2020-08-15 00:00:00+00:00,2.10312,2.1592393
2020-08-16 00:00:00+00:00,2.069592,2.2026162
2020-08-17 00:00:00+00:00,2.04216,2.124012
2020-08-18 00:00:00+00:00,2.008632,1.9835994
2020-08-19 00:00:00+00:00,2.045208,1.9478776
2020-08-20 00:00:00+00:00,1.9812,1.8949292
2020-08-21 00:00:00+00:00,1.895856,1.8561933
2020-08-22 00:00:00+00:00,1.825752,1.9176404
2020-08-23 00:00:00+00:00,1.850136,1.8524435
2020-08-24 00:00:00+00:00,2.005584,1.7820702
2020-08-25 00:00:00+00:00,2.045208,1.6716084
2020-08-26 00:00:00+00:00,2.106168,1.6275051
2020-08-27 00:00:00+00:00,2.10312,1.7046386
2020-08-28 00:00:00+00:00,1.810512,1.751537
2020-08-29 00:00:00+00:00,1.627632,1.8227988
2020-08-30 00:00:00+00:00,1.524,1.7598264
2020-08-31 00:00:00+00:00,1.450848,1.522015
2020-09-01 00:00:00+00:00,1.453896,1.4257545
2020-09-02 00:00:00+00:00,1.46304,1.3459519
2020-09-03 00:00:00+00:00,1.450848,1.323897
2020-09-04 00:00:00+00:00,1.499616,1.3623866
2020-09-05 00:00:00+00:00,1.588008,1.4222361
2020-09-06 00:00:00+00:00,1.719072,1.5863948
2020-09-07 00:00:00+00:00,1.8288,1.536688
2020-09-08 00:00:00+00:00,1.905,1.5888425
2020-09-09 00:00:00+00:00,1.917192,1.7283692
2020-09-10 00:00:00+00:00,1.929384,1.837852
2020-09-11 00:00:00+00:00,1.87452,1.8822789
2020-09-12 00:00:00+00:00,1.901952,1.8638347
2020-09-13 00:00:00+00:00,1.993392,1.827466
2020-09-14 00:00:00+00:00,2.185416,1.7688967
2020-09-15 00:00:00+00:00,2.807208,1.7502381
2020-09-16 00:00:00+00:00,2.31648,1.7758489
2020-09-17 00:00:00+00:00,1.898904,1.8346375
2020-09-18 00:00:00+00:00,1.761744,2.1496475
2020-09-19 00:00:00+00:00,1.837944,1.907779
2020-09-20 00:00:00+00:00,2.24028,1.512499
2020-09-21 00:00:00+00:00,2.34696,1.3774604
2020-09-22 00:00:00+00:00,2.176272,1.416596
2020-09-23 00:00:00+00:00,1.911096,1.6249754
2020-09-24 00:00:00+00:00,1.917192,1.8027198
2020-09-25 00:00:00+00:00,1.999488,1.7915035
2020-09-26 00:00:00+00:00,2.069592,1.655217
2020-09-27 00:00:00+00:00,2.020824,1.6306208
2020-09-28 00:00:00+00:00,1.990344,1.6118299
2020-09-29 00:00:00+00:00,1.990344,1.6870434
2020-09-30 00:00:00+00:00,1.850136,1.8753474
2020-10-01 00:00:00+00:00,1.682496,1.9024025
2020-10-02 00:00:00+00:00,1.694688,1.8872175
2020-10-03 00:00:00+00:00,1.679448,1.8095489
2020-10-04 00:00:00+00:00,1.636776,1.6932012
2020-10-05 00:00:00+00:00,1.667256,1.6328416
2020-10-06 00:00:00+00:00,1.612392,1.6081609
2020-10-07 00:00:00+00:00,1.575816,1.6342866
2020-10-08 00:00:00+00:00,1.55448,1.6785035
2020-10-09 00:00:00+00:00,1.64592,1.6078825
2020-10-10 00:00:00+00:00,1.862328,1.5469929
2020-10-11 00:00:00+00:00,1.682496,1.5064566
2020-10-12 00:00:00+00:00,1.594104,1.5307145
2020-10-13 00:00:00+00:00,1.475232,1.6624303
2020-10-14 00:00:00+00:00,1.505712,1.6300836
2020-10-15 00:00:00+00:00,1.481328,1.5423112
2020-10-16 00:00:00+00:00,1.514856,1.4584998
2020-10-17 00:00:00+00:00,1.746504,1.4541782
2020-10-18 00:00:00+00:00,1.688592,1.5022812
2020-10-19 00:00:00+00:00,1.648968,1.5293171
2020-10-20 00:00:00+00:00,1.685544,1.683878
2020-10-21 00:00:00+00:00,1.728216,1.6635717
2020-10-22 00:00:00+00:00,1.72212,1.6233605
2020-10-23 00:00:00+00:00,1.652016,1.6390119
2020-10-24 00:00:00+00:00,1.578864,1.6091174
2020-10-25 00:00:00+00:00,1.4478,1.6300759
2020-10-26 00:00:00+00:00,1.408176,1.5923283
2020-10-27 00:00:00+00:00,1.392936,1.5036737
2020-10-28 00:00:00+00:00,1.374648,1.3932416
2020-10-29 00:00:00+00:00,1.453896,1.3595358
2020-10-30 00:00:00+00:00,1.28016,1.3482481
2020-10-31 00:00:00+00:00,1.286256,1.346005
2020-11-01 00:00:00+00:00,1.286256,1.4215443
2020-11-02 00:00:00+00:00,1.496568,1.4218848
2020-11-03 00:00:00+00:00,1.557528,1.5093294
2020-11-04 00:00:00+00:00,1.636776,1.6585785
2020-11-05 00:00:00+00:00,1.816608,1.8132347
2020-11-06 00:00:00+00:00,2.097024,1.9782925
2020-11-07 00:00:00+00:00,2.279904,2.0519588
2020-11-08 00:00:00+00:00,2.462784,2.149914
2020-11-09 00:00:00+00:00,2.502408,2.2732863
2020-11-10 00:00:00+00:00,2.435352,2.4062147
2020-11-11 00:00:00+00:00,2.353056,2.564016
2020-11-12 00:00:00+00:00,2.246376,2.5631456
2020-11-13 00:00:00+00:00,2.048256,2.4188194
2020-11-14 00:00:00+00:00,1.871472,2.278121
2020-11-15 00:00:00+00:00,1.834896,2.0958426
2020-11-16 00:00:00+00:00,1.78308,1.8793569
2020-11-17 00:00:00+00:00,1.688592,1.71972
2020-11-18 00:00:00+00:00,1.734312,1.707866
2020-11-19 00:00:00+00:00,1.639824,1.6911538
2020-11-20 00:00:00+00:00,1.572768,1.6742141
2020-11-21 00:00:00+00:00,1.517904,1.7123466
2020-11-22 00:00:00+00:00,1.524,1.6501517
2020-11-23 00:00:00+00:00,1.502664,1.5669796
2020-11-24 00:00:00+00:00,1.499616,1.5325183
2020-11-25 00:00:00+00:00,1.572768,1.5085319
2020-11-26 00:00:00+00:00,1.533144,1.4992739
2020-11-27 00:00:00+00:00,1.527048,1.4982342
2020-11-28 00:00:00+00:00,1.572768,1.5536507
2020-11-29 00:00:00+00:00,1.740408,1.5469809
2020-11-30 00:00:00+00:00,1.725168,1.5854547
2020-12-01 00:00:00+00:00,1.73736,1.6513356
2020-12-02 00:00:00+00:00,1.700784,1.7659507
2020-12-03 00:00:00+00:00,1.883664,1.8084733
2020-12-04 00:00:00+00:00,1.990344,1.8318907
2020-12-05 00:00:00+00:00,2.063496,1.7860669
2020-12-06 00:00:00+00:00,2.029968,1.861348
2020-12-07 00:00:00+00:00,2.045208,1.9678383
2020-12-08 00:00:00+00:00,2.029968,2.0515754
2020-12-09 00:00:00+00:00,1.993392,2.0728827
2020-12-10 00:00:00+00:00,1.9629121,2.0502405
2020-12-11 00:00:00+00:00,1.895856,1.999797
2020-12-12 00:00:00+00:00,1.926336,1.95607
2020-12-13 00:00:00+00:00,1.883664,1.9403164
2020-12-14 00:00:00+00:00,1.947672,1.8634067
2020-12-15 00:00:00+00:00,1.914144,1.8543799
2020-12-16 00:00:00+00:00,2.048256,1.8030499
2020-12-17 00:00:00+00:00,2.020824,1.841699
2020-12-18 00:00:00+00:00,1.9964399,1.8288994
2020-12-19 00:00:00+00:00,1.987296,1.9329071
2020-12-20 00:00:00+00:00,2.066544,1.9704797
2020-12-21 00:00:00+00:00,2.017776,1.9331214
2020-12-22 00:00:00+00:00,1.926336,1.9442773
2020-12-23 00:00:00+00:00,1.895856,1.9764652
2020-12-24 00:00:00+00:00,1.944624,1.9841211
2020-12-25 00:00:00+00:00,1.892808,1.9434408
2020-12-26 00:00:00+00:00,1.911096,1.9257194
2020-12-27 00:00:00+00:00,1.917192,1.8885611
2020-12-28 00:00:00+00:00,1.953768,1.8724174
2020-12-29 00:00:00+00:00,1.901952,1.8972121
2020-12-30 00:00:00+00:00,1.9507201,1.914269
2020-12-31 00:00:00+00:00,2.005584,1.9424229
2021-01-01 00:00:00+00:00,2.115312,1.9324766
2021-01-02 00:00:00+00:00,2.014728,1.975074
2021-01-03 00:00:00+00:00,2.060448,2.0575767
2021-01-04 00:00:00+00:00,2.191512,2.1914139
2021-01-05 00:00:00+00:00,2.37744,2.2623796
2021-01-06 00:00:00+00:00,2.602992,2.377069
2021-01-07 00:00:00+00:00,2.947416,2.3674374
2021-01-08 00:00:00+00:00,3.03276,2.650942
2021-01-09 00:00:00+00:00,3.252216,3.0154984
2021-01-10 00:00:00+00:00,3.450336,3.5163136
2021-01-11 00:00:00+00:00,3.739896,3.5965476
2021-01-12 00:00:00+00:00,3.803904,3.8543298
2021-01-13 00:00:00+00:00,3.922776,3.9870768
2021-01-14 00:00:00+00:00,4.00812,4.226516
2021-01-15 00:00:00+00:00,4.06908,4.206797
2021-01-16 00:00:00+00:00,4.002024,4.2116027
2021-01-17 00:00:00+00:00,3.907536,4.139119
2021-01-18 00:00:00+00:00,3.797808,4.1194415
2021-01-19 00:00:00+00:00,3.651504,4.0444136
2021-01-20 00:00:00+00:00,3.392424,3.8694773
2021-01-21 00:00:00+00:00,3.148584,3.6376462
2021-01-22 00:00:00+00:00,2.929128,3.4050348
2021-01-23 00:00:00+00:00,2.83464,3.11622
2021-01-24 00:00:00+00:00,2.709672,2.7998621
2021-01-25 00:00:00+00:00,2.46888,2.4673452
2021-01-26 00:00:00+00:00,2.289048,2.3207712
2021-01-27 00:00:00+00:00,2.151888,2.2085395
2021-01-28 00:00:00+00:00,2.005584,2.0719023
2021-01-29 00:00:00+00:00,1.923288,1.943114
2021-01-30 00:00:00+00:00,1.862328,1.918256
2021-01-31 00:00:00+00:00,1.96596,1.9437273
2021-02-01 00:00:00+00:00,1.886712,2.070786
2021-02-02 00:00:00+00:00,1.953768,2.1409073
2021-02-03 00:00:00+00:00,2.063496,2.3414125
2021-02-04 00:00:00+00:00,2.249424,2.38299
2021-02-05 00:00:00+00:00,2.435352,2.5320115
2021-02-06 00:00:00+00:00,2.761488,2.6202936
2021-02-07 00:00:00+00:00,2.919984,2.822258
2021-02-08 00:00:00+00:00,3.023616,2.9456432
2021-02-09 00:00:00+00:00,3.182112,3.2249622
2021-02-10 00:00:00+00:00,3.224784,3.3535569
2021-02-11 00:00:00+00:00,3.319272,3.3710408
2021-02-12 00:00:00+00:00,3.517392,3.392014
2021-02-13 00:00:00+00:00,3.547872,3.3477046
2021-02-14 00:00:00+00:00,3.499104,3.377399
2021-02-15 00:00:00+00:00,3.38328,3.530563
2021-02-16 00:00:00+00:00,3.176016,3.5103016
2021-02-17 00:00:00+00:00,2.977896,3.3924222
2021-02-18 00:00:00+00:00,2.947416,3.1658735
2021-02-19 00:00:00+00:00,2.855976,2.934761
2021-02-20 00:00:00+00:00,2.715768,2.7076762
2021-02-21 00:00:00+00:00,2.581656,2.7017317
2021-02-22 00:00:00+00:00,2.496312,2.6850393
2021-02-23 00:00:00+00:00,2.429256,2.56747
2021-02-24 00:00:00+00:00,2.420112,2.5228653
2021-02-25 00:00:00+00:00,2.410968,2.4615726
2021-02-26 00:00:00+00:00,2.48412,2.4665515
2021-02-27 00:00:00+00:00,2.557272,2.5503368
2021-02-28 00:00:00+00:00,2.60604,2.5944297
2021-03-01 00:00:00+00:00,2.657856,2.652515
2021-03-02 00:00:00+00:00,2.80416,2.724583
2021-03-03 00:00:00+00:00,2.950464,2.873758
2021-03-04 00:00:00+00:00,3.069336,2.9440305
2021-03-05 00:00:00+00:00,3.288792,3.164877
2021-03-06 00:00:00+00:00,3.544824,3.3627381
2021-03-07 00:00:00+00:00,3.819144,3.5305257
2021-03-08 00:00:00+00:00,4.011168,3.94308
2021-03-09 00:00:00+00:00,4.200144,4.3078933
2021-03-10 00:00:00+00:00,4.376928,4.6423454
2021-03-11 00:00:00+00:00,4.486656,4.852726
2021-03-12 00:00:00+00:00,4.578096,5.0550323
2021-03-13 00:00:00+00:00,4.60248,5.1841383
2021-03-14 00:00:00+00:00,4.70916,5.2401357
2021-03-15 00:00:00+00:00,4.73964,5.2856994
2021-03-16 00:00:00+00:00,4.767072,5.2368603
2021-03-17 00:00:00+00:00,4.788408,5.278295
2021-03-18 00:00:00+00:00,4.852416,5.252252
2021-03-19 00:00:00+00:00,4.809744,5.2551413
2021-03-20 00:00:00+00:00,4.873752,5.2315655
2021-03-21 00:00:00+00:00,4.925568,5.252351
2021-03-22 00:00:00+00:00,4.977384,5.177746
2021-03-23 00:00:00+00:00,5.117592,5.1474414
2021-03-24 00:00:00+00:00,5.352288,5.1610208
2021-03-25 00:00:00+00:00,5.361432,5.234129
2021-03-26 00:00:00+00:00,5.324856,5.3807974
2021-03-27 00:00:00+00:00,5.31876,5.593953
2021-03-28 00:00:00+00:00,5.324856,5.659874
2021-03-29 00:00:00+00:00,5.337048,5.546857
2021-03-30 00:00:00+00:00,5.36448,5.4861484
2021-03-31 00:00:00+00:00,5.358384,5.443017
2021-04-01 00:00:00+00:00,5.434584,5.413443
2021-04-02 00:00:00+00:00,5.50164,5.4337816
2021-04-03 00:00:00+00:00,5.504688,5.4669585
2021-04-04 00:00:00+00:00,5.571744,5.5356226
2021-04-05 00:00:00+00:00,5.60832,5.6193514
2021-04-06 00:00:00+00:00,5.614416,5.667839
2021-04-07 00:00:00+00:00,5.629656,5.7112913
2021-04-08 00:00:00+00:00,5.675376,5.736391
2021-04-09 00:00:00+00:00,5.721096,5.743368
2021-04-10 00:00:00+00:00,5.83692,5.7126327
2021-04-11 00:00:00+00:00,5.800344,5.696439
2021-04-12 00:00:00+00:00,5.794248,5.66506
2021-04-13 00:00:00+00:00,5.77596,5.664646
2021-04-14 00:00:00+00:00,5.864352,5.5915213
2021-04-15 00:00:00+00:00,5.858256,5.520362
2021-04-16 00:00:00+00:00,5.888736,5.472502
2021-04-17 00:00:00+00:00,5.894832,5.510374
2021-04-18 00:00:00+00:00,5.827776,5.5326214
2021-04-19 00:00:00+00:00,5.74548,5.548994
2021-04-20 00:00:00+00:00,5.650992,5.538088
2021-04-21 00:00:00+00:00,5.538216,5.49245
2021-04-22 00:00:00+00:00,5.477256,5.418166
2021-04-23 00:00:00+00:00,5.407152,5.3300905
2021-04-24 00:00:00+00:00,5.346192,5.2546053
2021-04-25 00:00:00+00:00,5.276088,5.185544
2021-04-26 00:00:00+00:00,5.209032,5.104804
2021-04-27 00:00:00+00:00,5.07492,5.0382614
2021-04-28 00:00:00+00:00,4.873752,4.946595
2021-04-29 00:00:00+00:00,4.684776,4.8897367
2021-04-30 00:00:00+00:00,4.459224,4.783804
2021-05-01 00:00:00+00:00,4.319016,4.600422
2021-05-02 00:00:00+00:00,4.25196,4.395843
2021-05-03 00:00:00+00:00,4.157472,4.102173
2021-05-04 00:00:00+00:00,4.142232,3.940865
2021-05-05 00:00:00+00:00,4.163568,3.8408902
2021-05-06 00:00:00+00:00,4.178808,3.857058
2021-05-07 00:00:00+00:00,4.197096,3.8827846
2021-05-08 00:00:00+00:00,4.22148,3.9129
2021-05-09 00:00:00+00:00,4.270248,3.9675593
2021-05-10 00:00:00+00:00,4.331208,3.9803112
2021-05-11 00:00:00+00:00,4.364736,4.08088
2021-05-12 00:00:00+00:00,4.428744,4.2033787
2021-05-13 00:00:00+00:00,4.48056,4.317409
2021-05-14 00:00:00+00:00,4.462272,4.3857656
2021-05-15 00:00:00+00:00,4.474464,4.473256
2021-05-16 00:00:00+00:00,4.52628,4.5546975
2021-05-17 00:00:00+00:00,4.590288,4.532044
2021-05-18 00:00:00+00:00,4.748784,4.4901342
2021-05-19 00:00:00+00:00,4.7244,4.519903
2021-05-20 00:00:00+00:00,4.751832,4.640507
2021-05-21 00:00:00+00:00,4.86156,4.852761
2021-05-22 00:00:00+00:00,4.782312,4.9055104
2021-05-23 00:00:00+00:00,4.623816,4.827889
2021-05-24 00:00:00+00:00,4.486656,4.852151
2021-05-25 00:00:00+00:00,4.37388,4.7862005
2021-05-26 00:00:00+00:00,4.306824,4.508378
2021-05-27 00:00:00+00:00,4.23672,4.2740316
2021-05-28 00:00:00+00:00,4.194048,4.1597505
2021-05-29 00:00:00+00:00,4.178808,4.185375
2021-05-30 00:00:00+00:00,4.166616,4.1815395
2021-05-31 00:00:00+00:00,4.120896,4.1417994
2021-06-01 00:00:00+00:00,4.06908,4.0541387
2021-06-02 00:00:00+00:00,4.00812,4.0512657
2021-06-03 00:00:00+00:00,3.989832,3.9671533
2021-06-04 00:00:00+00:00,3.965448,3.9144282
2021-06-05 00:00:00+00:00,3.94716,3.9388313
2021-06-06 00:00:00+00:00,3.928872,3.9669113
2021-06-07 00:00:00+00:00,3.950208,3.8808875
2021-06-08 00:00:00+00:00,3.874008,3.8674943
2021-06-09 00:00:00+00:00,3.813048,3.8925228
2021-06-10 00:00:00+00:00,3.791712,3.9529533
2021-06-11 00:00:00+00:00,3.797808,3.8804927
2021-06-12 00:00:00+00:00,3.816096,3.7975807
2021-06-13 00:00:00+00:00,3.861816,3.819625
2021-06-14 00:00:00+00:00,3.941064,3.8423867
2021-06-15 00:00:00+00:00,4.014216,3.8342276
2021-06-16 00:00:00+00:00,4.05384,3.8655546
2021-06-17 00:00:00+00:00,4.08432,3.9568844
2021-06-18 00:00:00+00:00,4.117848,4.0181265
2021-06-19 00:00:00+00:00,4.288536,4.0619383
2021-06-20 00:00:00+00:00,4.072128,4.0774918
2021-06-21 00:00:00+00:00,4.017264,4.064666
2021-06-22 00:00:00+00:00,3.934968,4.18465
2021-06-23 00:00:00+00:00,3.864864,3.9662237
2021-06-24 00:00:00+00:00,3.739896,3.8862169
2021-06-25 00:00:00+00:00,3.621024,3.6932192
2021-06-26 00:00:00+00:00,3.508248,3.634129
2021-06-27 00:00:00+00:00,3.39852,3.500814
2021-06-28 00:00:00+00:00,3.258312,3.3404183
2021-06-29 00:00:00+00:00,3.10896,3.1071467
2021-06-30 00:00:00+00:00,2.932176,2.9567857
2021-07-01 00:00:00+00:00,2.831592,2.781877
2021-07-02 00:00:00+00:00,2.734056,2.5866568
2021-07-03 00:00:00+00:00,2.609088,2.3682919
2021-07-04 00:00:00+00:00,2.57556,2.273243
2021-07-05 00:00:00+00:00,2.642616,2.2530518
2021-07-06 00:00:00+00:00,2.75844,2.227601
2021-07-07 00:00:00+00:00,2.932176,2.3318524
2021-07-08 00:00:00+00:00,3.096768,2.5435448
2021-07-09 00:00:00+00:00,3.240024,2.833595
2021-07-10 00:00:00+00:00,3.377184,3.0671144
2021-07-11 00:00:00+00:00,3.514344,3.2269294
2021-07-12 00:00:00+00:00,3.660648,3.3148437
2021-07-13 00:00:00+00:00,3.721608,3.3793294
2021-07-14 00:00:00+00:00,3.758184,3.4645782
2021-07-15 00:00:00+00:00,3.715512,3.583293
2021-07-16 00:00:00+00:00,3.563112,3.5995736
2021-07-17 00:00:00+00:00,3.416808,3.5978112
2021-07-18 00:00:00+00:00,3.243072,3.5002208
2021-07-19 00:00:00+00:00,3.118104,3.317935
2021-07-20 00:00:00+00:00,3.041904,3.0733922
2021-07-21 00:00:00+00:00,3.054096,2.8841307
2021-07-22 00:00:00+00:00,3.066288,2.8230016
2021-07-23 00:00:00+00:00,3.151632,2.8675926
2021-07-24 00:00:00+00:00,3.233928,3.0606062
2021-07-25 00:00:00+00:00,3.36804,3.1773958
2021-07-26 00:00:00+00:00,3.477768,3.2639306
2021-07-27 00:00:00+00:00,3.575304,3.3110046
2021-07-28 00:00:00+00:00,3.639312,3.421895
2021-07-29 00:00:00+00:00,3.669792,3.5107126
2021-07-30 00:00:00+00:00,3.584448,3.5407481
2021-07-31 00:00:00+00:00,3.471672,3.5745215
2021-08-01 00:00:00+00:00,3.32232,3.5659285
2021-08-02 00:00:00+00:00,3.112008,3.4472575
2021-08-03 00:00:00+00:00,2.846832,3.2534928
2021-08-04 00:00:00+00:00,2.602992,3.0181773
2021-08-05 00:00:00+00:00,2.337816,2.7541275
2021-08-06 00:00:00+00:00,2.14884,2.4351864
2021-08-07 00:00:00+00:00,1.978152,2.1717753
2021-08-08 00:00:00+00:00,1.847088,1.9554571
2021-08-09 00:00:00+00:00,1.685544,1.7969971
2021-08-10 00:00:00+00:00,1.603248,1.6947602
2021-08-11 00:00:00+00:00,1.557528,1.6198633
2021-08-12 00:00:00+00:00,1.533144,1.5586033
2021-08-13 00:00:00+00:00,1.530096,1.53591
2021-08-14 00:00:00+00:00,1.490472,1.5317228
2021-08-15 00:00:00+00:00,1.499616,1.5134753
2021-08-16 00:00:00+00:00,1.639824,1.534822
2021-08-17 00:00:00+00:00,1.648968,1.5213829
2021-08-18 00:00:00+00:00,1.557528,1.537089
2021-08-19 00:00:00+00:00,1.456944,1.605225
2021-08-20 00:00:00+00:00,1.383792,1.5689574
2021-08-21 00:00:00+00:00,1.32588,1.5227613
2021-08-22 00:00:00+00:00,1.292352,1.4793065
2021-08-23 00:00:00+00:00,1.28016,1.4259222
2021-08-24 00:00:00+00:00,1.328928,1.3971142
2021-08-25 00:00:00+00:00,1.420368,1.4146763
2021-08-26 00:00:00+00:00,1.490472,1.4529212
2021-08-27 00:00:00+00:00,1.7526,1.5162649
2021-08-28 00:00:00+00:00,1.78308,1.5900378
2021-08-29 00:00:00+00:00,2.4384,1.6389973
2021-08-30 00:00:00+00:00,2.630424,1.8226618
2021-08-31 00:00:00+00:00,2.005584,1.7991165
2021-09-01 00:00:00+00:00,1.789176,2.2354288
2021-09-02 00:00:00+00:00,1.697736,2.3046687
2021-09-03 00:00:00+00:00,1.609344,1.7481939
2021-09-04 00:00:00+00:00,1.524,1.4190282
2021-09-05 00:00:00+00:00,1.47828,1.3794584
2021-09-06 00:00:00+00:00,1.368552,1.3331127
2021-09-07 00:00:00+00:00,1.286256,1.4816884
2021-09-08 00:00:00+00:00,1.328928,1.5280683
2021-09-09 00:00:00+00:00,1.377696,1.5027124
2021-09-10 00:00:00+00:00,1.475232,1.4870746
2021-09-11 00:00:00+00:00,1.594104,1.5039407
2021-09-12 00:00:00+00:00,1.703832,1.4931746
2021-09-13 00:00:00+00:00,1.840992,1.5568941
2021-09-14 00:00:00+00:00,1.944624,1.661909
2021-09-15 00:00:00+00:00,2.16408,1.751397
2021-09-16 00:00:00+00:00,2.090928,1.8769863
2021-09-17 00:00:00+00:00,1.969008,1.9466684
2021-09-18 00:00:00+00:00,1.746504,2.1118608
2021-09-19 00:00:00+00:00,1.612392,2.0201187
2021-09-20 00:00:00+00:00,1.481328,1.8262148
2021-09-21 00:00:00+00:00,1.380744,1.5936028
2021-09-22 00:00:00+00:00,1.338072,1.4517741
2021-09-23 00:00:00+00:00,1.481328,1.3638064
2021-09-24 00:00:00+00:00,1.344168,1.3075546
2021-09-25 00:00:00+00:00,1.292352,1.3159156
2021-09-26 00:00:00+00:00,1.28016,1.3704503
2021-09-27 00:00:00+00:00,1.316736,1.319558
2021-09-28 00:00:00+00:00,1.35636,1.327989
2021-09-29 00:00:00+00:00,1.469136,1.3488985
2021-09-30 00:00:00+00:00,1.453896,1.306007
2021-10-01 00:00:00+00:00,1.472184,1.3601161
2021-10-02 00:00:00+00:00,1.551432,1.4301437
2021-10-03 00:00:00+00:00,1.560576,1.4231558
2021-10-04 00:00:00+00:00,1.591056,1.4451568
2021-10-05 00:00:00+00:00,1.575816,1.4880801
2021-10-06 00:00:00+00:00,1.551432,1.453643
2021-10-07 00:00:00+00:00,1.502664,1.4980425
2021-10-08 00:00:00+00:00,1.429512,1.4866859
2021-10-09 00:00:00+00:00,1.408176,1.4589745
2021-10-10 00:00:00+00:00,1.368552,1.4349113
2021-10-11 00:00:00+00:00,1.40208,1.3653892
2021-10-12 00:00:00+00:00,1.3716,1.3292203
2021-10-13 00:00:00+00:00,1.338072,1.2954417
2021-10-14 00:00:00+00:00,1.377696,1.3108118
2021-10-15 00:00:00+00:00,1.292352,1.2993753
2021-10-16 00:00:00+00:00,1.246632,1.2790775
2021-10-17 00:00:00+00:00,1.414272,1.309654
2021-10-18 00:00:00+00:00,1.347216,1.2507662
2021-10-19 00:00:00+00:00,1.362456,1.2399294
2021-10-20 00:00:00+00:00,1.490472,1.3266673
2021-10-21 00:00:00+00:00,1.481328,1.2738085
2021-10-22 00:00:00+00:00,1.43256,1.332883
2021-10-23 00:00:00+00:00,1.41732,1.4477805
2021-10-24 00:00:00+00:00,1.466088,1.3700253
2021-10-25 00:00:00+00:00,1.472184,1.3789474
2021-10-26 00:00:00+00:00,1.441704,1.362529
2021-10-27 00:00:00+00:00,1.4478,1.3322173
2021-10-28 00:00:00+00:00,1.472184,1.3259394
2021-10-29 00:00:00+00:00,1.2192001,1.3244536
2021-10-30 00:00:00+00:00,1.0881358,1.3409245
2021-10-31 00:00:00+00:00,1.0942318,1.3291276
2021-11-01 00:00:00+00:00,1.0302241,1.2256798
2021-11-02 00:00:00+00:00,1.0546081,1.1849589
2021-11-03 00:00:00+00:00,1.17348,1.1761192
2021-11-04 00:00:00+00:00,1.185672,1.1304344
2021-11-05 00:00:00+00:00,1.40208,1.1884208
2021-11-06 00:00:00+00:00,1.499616,1.2731475
2021-11-07 00:00:00+00:00,1.475232,1.3184904
2021-11-08 00:00:00+00:00,1.56972,1.4698551
2021-11-09 00:00:00+00:00,1.679448,1.5286323
2021-11-10 00:00:00+00:00,1.795272,1.5193092
2021-11-11 00:00:00+00:00,1.9964399,1.612193
2021-11-12 00:00:00+00:00,2.054352,1.5982733
2021-11-13 00:00:00+00:00,1.9964399,1.6873968
2021-11-14 00:00:00+00:00,1.895856,1.893754
2021-11-15 00:00:00+00:00,1.786128,1.911212
2021-11-16 00:00:00+00:00,1.6764,1.8492575
2021-11-17 00:00:00+00:00,1.61544,1.6899261
2021-11-18 00:00:00+00:00,1.572768,1.5512561
2021-11-19 00:00:00+00:00,1.636776,1.4518203
2021-11-20 00:00:00+00:00,1.533144,1.3978842
2021-11-21 00:00:00+00:00,1.47828,1.3725833
2021-11-22 00:00:00+00:00,1.414272,1.412732
2021-11-23 00:00:00+00:00,1.517904,1.3703669
2021-11-24 00:00:00+00:00,1.423416,1.347667
2021-11-25 00:00:00+00:00,1.444752,1.3158287
2021-11-26 00:00:00+00:00,1.469136,1.3310691
2021-11-27 00:00:00+00:00,1.414272,1.3046199
2021-11-28 00:00:00+00:00,1.368552,1.334977
2021-11-29 00:00:00+00:00,1.307592,1.3590957
2021-11-30 00:00:00+00:00,1.292352,1.3102245
2021-12-01 00:00:00+00:00,1.2313921,1.3190469
2021-12-02 00:00:00+00:00,1.2192001,1.2727838
2021-12-03 00:00:00+00:00,1.191768,1.2460994
2021-12-04 00:00:00+00:00,1.240536,1.2222354
2021-12-05 00:00:00+00:00,1.28016,1.2162356
2021-12-06 00:00:00+00:00,1.335024,1.2114835
2021-12-07 00:00:00+00:00,1.365504,1.237839
2021-12-08 00:00:00+00:00,1.322832,1.2652049
2021-12-09 00:00:00+00:00,1.307592,1.2927722
2021-12-10 00:00:00+00:00,1.179576,1.3149273
2021-12-11 00:00:00+00:00,1.1308081,1.2864201
2021-12-12 00:00:00+00:00,1.0668001,1.289654
2021-12-13 00:00:00+00:00,0.9784081,1.2700254
2021-12-14 00:00:00+00:00,0.94488,1.2572243
2021-12-15 00:00:00+00:00,1.0180321,1.2343531
2021-12-16 00:00:00+00:00,1.179576,1.1846504
2021-12-17 00:00:00+00:00,1.28016,1.1904212
2021-12-18 00:00:00+00:00,1.426464,1.2234038
2021-12-19 00:00:00+00:00,1.548384,1.3282173
2021-12-20 00:00:00+00:00,1.6002,1.4639583
2021-12-21 00:00:00+00:00,1.685544,1.6248572
2021-12-22 00:00:00+00:00,1.749552,1.7005093
2021-12-23 00:00:00+00:00,1.776984,1.7362086
2021-12-24 00:00:00+00:00,1.816608,1.7771748
2021-12-25 00:00:00+00:00,1.883664,1.7988636
2021-12-26 00:00:00+00:00,1.886712,1.816785
2021-12-27 00:00:00+00:00,1.883664,1.86448
2021-12-28 00:00:00+00:00,1.883664,1.9215972
2021-12-29 00:00:00+00:00,1.917192,1.9258633
2021-12-30 00:00:00+00:00,1.853184,1.9342124
2021-12-31 00:00:00+00:00,1.749552,1.9103312
2022-01-01 00:00:00+00:00,1.7526,1.8969808
2022-01-02 00:00:00+00:00,1.76784,1.8243802
2022-01-03 00:00:00+00:00,1.636776,1.755618
2022-01-04 00:00:00+00:00,1.682496,1.7497125
2022-01-05 00:00:00+00:00,1.716024,1.7679648
2022-01-06 00:00:00+00:00,1.807464,1.7868371
2022-01-07 00:00:00+00:00,1.914144,1.9235291
2022-01-08 00:00:00+00:00,2.060448,2.0433948
2022-01-09 00:00:00+00:00,2.261616,2.2094269
2022-01-10 00:00:00+00:00,2.520696,2.3493528
2022-01-11 00:00:00+00:00,2.83464,2.4889429
2022-01-12 00:00:00+00:00,2.980944,2.7038374
2022-01-13 00:00:00+00:00,3.176016,3.026631
2022-01-14 00:00:00+00:00,3.349752,3.472441
2022-01-15 00:00:00+00:00,3.541776,3.615186
2022-01-16 00:00:00+00:00,3.645408,3.7739637
2022-01-17 00:00:00+00:00,3.74904,3.852636
2022-01-18 00:00:00+00:00,3.87096,4.0918055
2022-01-19 00:00:00+00:00,4.002024,4.1056595
2022-01-20 00:00:00+00:00,4.111752,4.162799
2022-01-21 00:00:00+00:00,4.261104,4.2520523
2022-01-22 00:00:00+00:00,4.245864,4.387576
2022-01-23 00:00:00+00:00,4.194048,4.417161
2022-01-24 00:00:00+00:00,4.178808,4.4556975
2022-01-25 00:00:00+00:00,4.187952,4.26478
2022-01-26 00:00:00+00:00,4.105656,4.1226587
2022-01-27 00:00:00+00:00,3.925824,4.0473313
2022-01-28 00:00:00+00:00,3.67284,4.069839
2022-01-29 00:00:00+00:00,3.450336,4.020214
2022-01-30 00:00:00+00:00,3.29184,3.7952418
2022-01-31 00:00:00+00:00,3.145536,3.3783674
2022-02-01 00:00:00+00:00,3.151632,3.017937
2022-02-02 00:00:00+00:00,3.090672,2.8578115
2022-02-03 00:00:00+00:00,2.874264,2.7561069
2022-02-04 00:00:00+00:00,2.71272,2.8484716
2022-02-05 00:00:00+00:00,2.502408,2.8240888
2022-02-06 00:00:00+00:00,2.27076,2.6001184
2022-02-07 00:00:00+00:00,2.112264,2.2817519
2022-02-08 00:00:00+00:00,1.9202402,1.998477
2022-02-09 00:00:00+00:00,1.850136,1.843903
2022-02-10 00:00:00+00:00,1.743456,1.8622967
2022-02-11 00:00:00+00:00,1.731264,1.8556926
2022-02-12 00:00:00+00:00,1.825752,1.9129975
2022-02-13 00:00:00+00:00,1.9964399,1.9302449
2022-02-14 00:00:00+00:00,2.14884,1.9701091
2022-02-15 00:00:00+00:00,2.368296,2.099426
2022-02-16 00:00:00+00:00,2.630424,2.3036206
2022-02-17 00:00:00+00:00,2.919984,2.5239723
2022-02-18 00:00:00+00:00,2.965704,2.7865207
2022-02-19 00:00:00+00:00,3.07848,3.042149
2022-02-20 00:00:00+00:00,3.01752,3.3348181
2022-02-21 00:00:00+00:00,3.01752,3.2680526
2022-02-22 00:00:00+00:00,3.008376,3.2872467
2022-02-23 00:00:00+00:00,2.904744,3.07319
2022-02-24 00:00:00+00:00,2.871216,3.0617537
2022-02-25 00:00:00+00:00,2.947416,3.0716496
2022-02-26 00:00:00+00:00,3.133344,3.0631535
2022-02-27 00:00:00+00:00,3.355848,3.0695438
2022-02-28 00:00:00+00:00,3.587496,3.2320433
2022-03-01 00:00:00+00:00,3.904488,3.5414782
2022-03-02 00:00:00+00:00,4.06908,3.882174
2022-03-03 00:00:00+00:00,4.218432,4.1532044
2022-03-04 00:00:00+00:00,4.349496,4.5200186
2022-03-05 00:00:00+00:00,4.443984,4.673945
2022-03-06 00:00:00+00:00,4.544568,4.8165984
2022-03-07 00:00:00+00:00,4.575048,4.8254566
2022-03-08 00:00:00+00:00,4.614672,4.8981085
2022-03-09 00:00:00+00:00,4.696968,4.9645514
2022-03-10 00:00:00+00:00,4.751832,4.9578285
2022-03-11 00:00:00+00:00,4.837176,5.028417
2022-03-12 00:00:00+00:00,4.901184,5.1386356
2022-03-13 00:00:00+00:00,4.904232,5.207272
2022-03-14 00:00:00+00:00,4.962144,5.299494
2022-03-15 00:00:00+00:00,5.071872,5.3397365
2022-03-16 00:00:00+00:00,5.108448,5.320741
2022-03-17 00:00:00+00:00,5.111496,5.3613777
2022-03-18 00:00:00+00:00,5.178552,5.4789467
2022-03-19 00:00:00+00:00,5.178552,5.5046864
2022-03-20 00:00:00+00:00,5.175504,5.469785
2022-03-21 00:00:00+00:00,5.169408,5.514773
2022-03-22 00:00:00+00:00,5.24256,5.4956436
2022-03-23 00:00:00+00:00,5.199888,5.4558353
2022-03-24 00:00:00+00:00,5.202936,5.411469
2022-03-25 00:00:00+00:00,5.21208,5.423299
2022-03-26 00:00:00+00:00,5.154168,5.4086857
2022-03-27 00:00:00+00:00,5.145024,5.457992
2022-03-28 00:00:00+00:00,5.1054,5.4102793
2022-03-29 00:00:00+00:00,5.1054,5.342366
2022-03-30 00:00:00+00:00,5.117592,5.295407
2022-03-31 00:00:00+00:00,5.114544,5.2634573
2022-04-01 00:00:00+00:00,5.05968,5.2330894
2022-04-02 00:00:00+00:00,4.989576,5.194559
2022-04-03 00:00:00+00:00,4.934712,5.164344
2022-04-04 00:00:00+00:00,4.864608,5.0863295
2022-04-05 00:00:00+00:00,4.849368,4.9819365
2022-04-06 00:00:00+00:00,4.812792,4.891595
2022-04-07 00:00:00+00:00,4.782312,4.871931
2022-04-08 00:00:00+00:00,4.7244,4.859805
2022-04-09 00:00:00+00:00,4.626864,4.8218822
2022-04-10 00:00:00+00:00,4.559808,4.804457
2022-04-11 00:00:00+00:00,4.559808,4.73365
2022-04-12 00:00:00+00:00,4.538472,4.6781125
2022-04-13 00:00:00+00:00,4.578096,4.6349716
2022-04-14 00:00:00+00:00,4.538472,4.632951
2022-04-15 00:00:00+00:00,4.456176,4.6231794
2022-04-16 00:00:00+00:00,4.428744,4.5975876
2022-04-17 00:00:00+00:00,4.370832,4.5537534
2022-04-18 00:00:00+00:00,4.340352,4.561487
2022-04-19 00:00:00+00:00,4.37388,4.497099
2022-04-20 00:00:00+00:00,4.410456,4.4475136
2022-04-21 00:00:00+00:00,4.437888,4.5157385
2022-04-22 00:00:00+00:00,4.486656,4.592205
2022-04-23 00:00:00+00:00,4.54152,4.6745744
2022-04-24 00:00:00+00:00,4.620768,4.746105
2022-04-25 00:00:00+00:00,4.684776,4.7329807
2022-04-26 00:00:00+00:00,4.736592,4.7416677
2022-04-27 00:00:00+00:00,4.788408,4.8503947
2022-04-28 00:00:00+00:00,4.788408,4.89106
2022-04-29 00:00:00+00:00,4.794504,4.924164
2022-04-30 00:00:00+00:00,4.821936,4.9319277
2022-05-01 00:00:00+00:00,4.782312,4.833561
2022-05-02 00:00:00+00:00,4.760976,4.799947
2022-05-03 00:00:00+00:00,4.7244,4.852904
2022-05-04 00:00:00+00:00,4.660392,4.848983
2022-05-05 00:00:00+00:00,4.581144,4.84147
2022-05-06 00:00:00+00:00,4.547616,4.7833457
2022-05-07 00:00:00+00:00,4.443984,4.736353
2022-05-08 00:00:00+00:00,4.398264,4.650885
2022-05-09 00:00:00+00:00,4.367784,4.582774
2022-05-10 00:00:00+00:00,4.370832,4.474825
2022-05-11 00:00:00+00:00,4.35864,4.4022293
2022-05-12 00:00:00+00:00,4.361688,4.2868304
2022-05-13 00:00:00+00:00,4.395216,4.364408
2022-05-14 00:00:00+00:00,4.431792,4.373909
2022-05-15 00:00:00+00:00,4.459224,4.405781
2022-05-16 00:00:00+00:00,4.489704,4.5035434
2022-05-17 00:00:00+00:00,4.517136,4.612966
2022-05-18 00:00:00+00:00,4.483608,4.670773
2022-05-19 00:00:00+00:00,4.523232,4.698525
2022-05-20 00:00:00+00:00,4.559808,4.7329254
2022-05-21 00:00:00+00:00,4.608576,4.698568
2022-05-22 00:00:00+00:00,4.642104,4.6894684
2022-05-23 00:00:00+00:00,4.742688,4.644589
2022-05-24 00:00:00+00:00,4.718304,4.677905
2022-05-25 00:00:00+00:00,4.727448,4.669625
2022-05-26 00:00:00+00:00,4.730496,4.7568884
2022-05-27 00:00:00+00:00,4.61772,4.734328
2022-05-28 00:00:00+00:00,4.52628,4.720924
2022-05-29 00:00:00+00:00,4.431792,4.674573
2022-05-30 00:00:00+00:00,4.331208,4.5992517
2022-05-31 00:00:00+00:00,4.291584,4.472364
2022-06-01 00:00:00+00:00,4.227576,4.317612
2022-06-02 00:00:00+00:00,4.17576,4.2158833
2022-06-03 00:00:00+00:00,4.142232,4.1471343
2022-06-04 00:00:00+00:00,4.111752,4.1103554
2022-06-05 00:00:00+00:00,4.06908,4.084065
2022-06-06 00:00:00+00:00,4.0386,4.036272
2022-06-07 00:00:00+00:00,4.011168,4.0277967
2022-06-08 00:00:00+00:00,3.986784,3.9787908
2022-06-09 00:00:00+00:00,3.989832,3.9119053
2022-06-10 00:00:00+00:00,3.998976,3.8768523
2022-06-11 00:00:00+00:00,4.002024,3.888021
2022-06-12 00:00:00+00:00,3.986784,3.8585002
2022-06-13 00:00:00+00:00,3.953256,3.8968244
2022-06-14 00:00:00+00:00,3.898392,3.8419225
2022-06-15 00:00:00+00:00,3.889248,3.719637
2022-06-16 00:00:00+00:00,3.880104,3.742217
2022-06-17 00:00:00+00:00,3.852672,3.6996117
2022-06-18 00:00:00+00:00,3.828288,3.6634886
2022-06-19 00:00:00+00:00,3.816096,3.5945494
2022-06-20 00:00:00+00:00,3.782568,3.5709765
2022-06-21 00:00:00+00:00,3.712464,3.5316806
2022-06-22 00:00:00+00:00,3.608832,3.5172992
2022-06-23 00:00:00+00:00,3.462528,3.493627
2022-06-24 00:00:00+00:00,3.304032,3.4189665
2022-06-25 00:00:00+00:00,3.087624,3.2806497
2022-06-26 00:00:00+00:00,2.92608,3.1050892
2022-06-27 00:00:00+00:00,2.715768,2.9333131
2022-06-28 00:00:00+00:00,2.538984,2.6791177
2022-06-29 00:00:00+00:00,2.386584,2.5098364
2022-06-30 00:00:00+00:00,2.215896,2.2998896
2022-07-01 00:00:00+00:00,2.109216,2.141222
2022-07-02 00:00:00+00:00,1.959864,2.018393
2022-07-03 00:00:00+00:00,1.871472,1.8757733
2022-07-04 00:00:00+00:00,1.755648,1.8123217
2022-07-05 00:00:00+00:00,1.664208,1.7463021
2022-07-06 00:00:00+00:00,1.58496,1.6852766
2022-07-07 00:00:00+00:00,1.499616,1.6071467
2022-07-08 00:00:00+00:00,1.50876,1.5625224
2022-07-09 00:00:00+00:00,1.450848,1.5121809
2022-07-10 00:00:00+00:00,1.408176,1.4677236
2022-07-11 00:00:00+00:00,1.365504,1.4836049
2022-07-12 00:00:00+00:00,1.335024,1.4585801
2022-07-13 00:00:00+00:00,1.24968,1.4389242
2022-07-14 00:00:00+00:00,1.0881358,1.4329019
2022-07-15 00:00:00+00:00,1.027176,1.4195509
2022-07-16 00:00:00+00:00,0.996696,1.3828301
2022-07-17 00:00:00+00:00,1.0820398,1.2941895
2022-07-18 00:00:00+00:00,1.1551921,1.2423041
2022-07-19 00:00:00+00:00,1.210056,1.211917
2022-07-20 00:00:00+00:00,1.261872,1.2424142
2022-07-21 00:00:00+00:00,1.304544,1.2895378
2022-07-22 00:00:00+00:00,1.304544,1.325524
2022-07-23 00:00:00+00:00,1.31064,1.3710006
2022-07-24 00:00:00+00:00,1.307592,1.384714
2022-07-25 00:00:00+00:00,1.322832,1.3933864
2022-07-26 00:00:00+00:00,1.304544,1.385622
2022-07-27 00:00:00+00:00,1.271016,1.3548646
2022-07-28 00:00:00+00:00,1.252728,1.3301903
2022-07-29 00:00:00+00:00,1.216152,1.3064262
2022-07-30 00:00:00+00:00,1.1643358,1.2899709
2022-07-31 00:00:00+00:00,1.2009119,1.2921213
2022-08-01 00:00:00+00:00,1.1826239,1.281093
2022-08-02 00:00:00+00:00,1.20396,1.2751185
2022-08-03 00:00:00+00:00,1.252728,1.3100355
2022-08-04 00:00:00+00:00,1.374648,1.3245683
2022-08-05 00:00:00+00:00,1.49352,1.3633542
2022-08-06 00:00:00+00:00,1.6002,1.4215547
2022-08-07 00:00:00+00:00,1.679448,1.5085132
2022-08-08 00:00:00+00:00,1.697736,1.6090574
2022-08-09 00:00:00+00:00,1.734312,1.7045695
2022-08-10 00:00:00+00:00,1.734312,1.7841971
2022-08-11 00:00:00+00:00,1.697736,1.7879682
2022-08-12 00:00:00+00:00,1.658112,1.77732
2022-08-13 00:00:00+00:00,1.606296,1.7357359
2022-08-14 00:00:00+00:00,1.581912,1.7067459
2022-08-15 00:00:00+00:00,1.566672,1.681957
2022-08-16 00:00:00+00:00,1.514856,1.6467044
2022-08-17 00:00:00+00:00,1.50876,1.6233066
2022-08-18 00:00:00+00:00,1.453896,1.5994768
2022-08-19 00:00:00+00:00,1.505712,1.5582848
2022-08-20 00:00:00+00:00,1.557528,1.5401403
2022-08-21 00:00:00+00:00,1.551432,1.4606844
2022-08-22 00:00:00+00:00,1.505712,1.4620692
2022-08-23 00:00:00+00:00,1.46304,1.4877136
2022-08-24 00:00:00+00:00,1.542288,1.4801902
2022-08-25 00:00:00+00:00,1.612392,1.454484
2022-08-26 00:00:00+00:00,1.673352,1.4043442
2022-08-27 00:00:00+00:00,1.667256,1.4258727
2022-08-28 00:00:00+00:00,1.652016,1.5024792
2022-08-29 00:00:00+00:00,1.588008,1.6040176
2022-08-30 00:00:00+00:00,1.563624,1.6341965
2022-08-31 00:00:00+00:00,1.563624,1.5868422
2022-09-01 00:00:00+00:00,1.560576,1.4812468
2022-09-02 00:00:00+00:00,1.566672,1.4227967
2022-09-03 00:00:00+00:00,1.533144,1.3869696
2022-09-04 00:00:00+00:00,1.49352,1.376655
2022-09-05 00:00:00+00:00,1.453896,1.3839298
2022-09-06 00:00:00+00:00,1.377696,1.350575
2022-09-07 00:00:00+00:00,1.252728,1.312476
2022-09-08 00:00:00+00:00,1.179576,1.2828702
2022-09-09 00:00:00+00:00,1.1612881,1.2487904
2022-09-10 00:00:00+00:00,1.1582398,1.1993661
2022-09-11 00:00:00+00:00,1.133856,1.1641068
2022-09-12 00:00:00+00:00,1.139952,1.148982
2022-09-13 00:00:00+00:00,1.243584,1.1502535
2022-09-14 00:00:00+00:00,1.283208,1.1530694
2022-09-15 00:00:00+00:00,1.331976,1.1545143
2022-09-16 00:00:00+00:00,1.35636,1.1759431
2022-09-17 00:00:00+00:00,1.43256,1.173421
2022-09-18 00:00:00+00:00,1.328928,1.1989805
2022-09-19 00:00:00+00:00,1.267968,1.2152811
2022-09-20 00:00:00+00:00,1.210056,1.2366334
2022-09-21 00:00:00+00:00,1.1460478,1.1947235
2022-09-22 00:00:00+00:00,1.0820398,1.1665667
2022-09-23 00:00:00+00:00,0.9997438,1.1235132
2022-09-24 00:00:00+00:00,0.9753598,1.0710893
2022-09-25 00:00:00+00:00,1.002792,1.0602744
2022-09-26 00:00:00+00:00,1.008888,1.036685
2022-09-27 00:00:00+00:00,1.1704319,1.0153643
2022-09-28 00:00:00+00:00,1.374648,1.0153049
2022-09-29 00:00:00+00:00,1.271016,1.0338318
2022-09-30 00:00:00+00:00,0.9845041,1.100992
2022-10-01 00:00:00+00:00,0.9875518,1.1668922
2022-10-02 00:00:00+00:00,0.99364805,1.1279793
2022-10-03 00:00:00+00:00,1.008888,1.026088
2022-10-04 00:00:00+00:00,0.957072,1.0023657
2022-10-05 00:00:00+00:00,0.9753598,0.9626504
2022-10-06 00:00:00+00:00,0.893064,0.9695705
2022-10-07 00:00:00+00:00,0.83819985,1.0042655
2022-10-08 00:00:00+00:00,0.780288,1.0094092
2022-10-09 00:00:00+00:00,0.87172794,0.9922718
2022-10-10 00:00:00+00:00,0.87172794,0.97734654
2022-10-11 00:00:00+00:00,0.9601201,0.9712812
2022-10-12 00:00:00+00:00,0.9540241,0.96989274
2022-10-13 00:00:00+00:00,1.0058398,0.97633564
2022-10-14 00:00:00+00:00,1.0942318,1.006399
2022-10-15 00:00:00+00:00,1.0424161,1.0151799
2022-10-16 00:00:00+00:00,1.008888,1.0207851
2022-10-17 00:00:00+00:00,1.045464,1.0474967
2022-10-18 00:00:00+00:00,1.1064239,1.0161017
2022-10-19 00:00:00+00:00,0.9997438,1.0063002
2022-10-20 00:00:00+00:00,0.75590396,1.0026859
2022-10-21 00:00:00+00:00,0.728472,1.000854
2022-10-22 00:00:00+00:00,0.67970395,0.98159516
2022-10-23 00:00:00+00:00,0.7071359,0.91928554
2022-10-24 00:00:00+00:00,0.7741921,0.89785004
2022-10-25 00:00:00+00:00,0.89916015,0.8729584
2022-10-26 00:00:00+00:00,0.8503921,0.8826792
2022-10-27 00:00:00+00:00,0.963168,0.9265616
2022-10-28 00:00:00+00:00,0.94183207,0.9713923
2022-10-29 00:00:00+00:00,1.109472,0.972716
2022-10-30 00:00:00+00:00,1.05156,1.0009637
2022-10-31 00:00:00+00:00,1.1125201,0.98660505
2022-11-01 00:00:00+00:00,1.063752,1.0161508
2022-11-02 00:00:00+00:00,0.94488,1.0157658
2022-11-03 00:00:00+00:00,0.88391995,1.031407
2022-11-04 00:00:00+00:00,0.856488,1.0117103
2022-11-05 00:00:00+00:00,0.92354405,0.9614184
2022-11-06 00:00:00+00:00,0.88391995,0.9587674
2022-11-07 00:00:00+00:00,0.78943205,0.94431674
2022-11-08 00:00:00+00:00,0.78638387,0.96327245
2022-11-09 00:00:00+00:00,0.87782407,0.9840151
2022-11-10 00:00:00+00:00,1.0607041,0.9821136
2022-11-11 00:00:00+00:00,0.93573606,0.99383867
2022-11-12 00:00:00+00:00,0.94183207,1.0034158
2022-11-13 00:00:00+00:00,1.0119358,1.0644685
2022-11-14 00:00:00+00:00,1.0485121,1.0605776
2022-11-15 00:00:00+00:00,1.20396,1.0684549
2022-11-16 00:00:00+00:00,0.9662161,1.0692519
2022-11-17 00:00:00+00:00,0.9144,1.0431976
2022-11-18 00:00:00+00:00,0.80771995,1.1268346
2022-11-19 00:00:00+00:00,0.8107679,1.0919815
2022-11-20 00:00:00+00:00,0.8747761,1.0779676
2022-11-21 00:00:00+00:00,0.84124804,1.0671821
2022-11-22 00:00:00+00:00,0.78943205,1.0159739
2022-11-23 00:00:00+00:00,0.9022081,1.0479221
2022-11-24 00:00:00+00:00,0.98145604,1.0446054
2022-11-25 00:00:00+00:00,1.1582398,1.0526441
2022-11-26 00:00:00+00:00,1.20396,1.0822738
2022-11-27 00:00:00+00:00,1.255776,1.095258
2022-11-28 00:00:00+00:00,1.246632,1.1726782
2022-11-29 00:00:00+00:00,1.271016,1.2110715
2022-11-30 00:00:00+00:00,1.261872,1.2357823
2022-12-01 00:00:00+00:00,1.392936,1.2245897
2022-12-02 00:00:00+00:00,1.12776,1.2161314
2022-12-03 00:00:00+00:00,1.063752,1.2022511
2022-12-04 00:00:00+00:00,0.9540241,1.2385988
2022-12-05 00:00:00+00:00,0.963168,1.1919402
2022-12-06 00:00:00+00:00,0.9784081,1.1501659
2022-12-07 00:00:00+00:00,0.938784,1.1092963
2022-12-08 00:00:00+00:00,0.92964005,1.0717862
2022-12-09 00:00:00+00:00,0.9875518,1.1150361
2022-12-10 00:00:00+00:00,1.0119358,1.1187958
2022-12-11 00:00:00+00:00,1.1369041,1.1203601
2022-12-12 00:00:00+00:00,1.23444,1.1309011
2022-12-13 00:00:00+00:00,1.380744,1.1546606
2022-12-14 00:00:00+00:00,1.536192,1.2479019
2022-12-15 00:00:00+00:00,1.658112,1.348315
2022-12-16 00:00:00+00:00,1.81356,1.4770955
2022-12-17 00:00:00+00:00,1.801368,1.6367723
2022-12-18 00:00:00+00:00,1.853184,1.7941041
2022-12-19 00:00:00+00:00,1.9202402,1.9524858
2022-12-20 00:00:00+00:00,2.249424,1.989249
2022-12-21 00:00:00+00:00,2.237232,2.0757756
2022-12-22 00:00:00+00:00,2.2098,2.0764227
2022-12-23 00:00:00+00:00,2.221992,2.2654636
2022-12-24 00:00:00+00:00,2.14884,2.3130407
2022-12-25 00:00:00+00:00,2.14884,2.329996
2022-12-26 00:00:00+00:00,2.121408,2.274353
2022-12-27 00:00:00+00:00,2.127504,2.1330395
2022-12-28 00:00:00+00:00,2.054352,2.105103
2022-12-29 00:00:00+00:00,1.959864,2.0598917
2022-12-30 00:00:00+00:00,1.850136,2.0144014
2022-12-31 00:00:00+00:00,1.8288,1.9797256
2023-01-01 00:00:00+00:00,1.658112,1.8968599
2023-01-02 00:00:00+00:00,1.667256,1.7795675
2023-01-03 00:00:00+00:00,1.703832,1.6993765
2023-01-04 00:00:00+00:00,1.731264,1.5999448
2023-01-05 00:00:00+00:00,1.670304,1.6121
2023-01-06 00:00:00+00:00,1.636776,1.7082977
2023-01-07 00:00:00+00:00,1.7526,1.8636978
2023-01-08 00:00:00+00:00,1.840992,2.031177
2023-01-09 00:00:00+00:00,1.911096,2.049979
2023-01-10 00:00:00+00:00,1.978152,2.148658
2023-01-11 00:00:00+00:00,2.08788,2.241537
2023-01-12 00:00:00+00:00,2.267712,2.4313157
2023-01-13 00:00:00+00:00,2.444496,2.4994543
2023-01-14 00:00:00+00:00,2.60604,2.5745456
2023-01-15 00:00:00+00:00,2.761488,2.687179
2023-01-16 00:00:00+00:00,2.935224,2.790943
2023-01-17 00:00:00+00:00,3.008376,2.9082236
2023-01-18 00:00:00+00:00,2.98704,3.002253
2023-01-19 00:00:00+00:00,2.86512,3.136246
2023-01-20 00:00:00+00:00,2.709672,3.1939137
2023-01-21 00:00:00+00:00,2.633472,3.1181908
2023-01-22 00:00:00+00:00,2.615184,2.8812306
2023-01-23 00:00:00+00:00,2.508504,2.6051254
2023-01-24 00:00:00+00:00,2.45364,2.516974
2023-01-25 00:00:00+00:00,2.532888,2.5537734
2023-01-26 00:00:00+00:00,2.54508,2.5081906
2023-01-27 00:00:00+00:00,2.56032,2.4856431
2023-01-28 00:00:00+00:00,2.657856,2.6109915
2023-01-29 00:00:00+00:00,2.822448,2.7730896
2023-01-30 00:00:00+00:00,3.014472,2.8822956
2023-01-31 00:00:00+00:00,3.13944,2.953227
2023-02-01 00:00:00+00:00,3.23088,3.1164315
2023-02-02 00:00:00+00:00,3.358896,3.348666
2023-02-03 00:00:00+00:00,3.502152,3.5521336
2023-02-04 00:00:00+00:00,3.639312,3.6626496
2023-02-05 00:00:00+00:00,3.666744,3.7531037
2023-02-06 00:00:00+00:00,3.721608,3.7544532
2023-02-07 00:00:00+00:00,3.770376,3.8788784
2023-02-08 00:00:00+00:00,3.776472,3.938405
2023-02-09 00:00:00+00:00,3.788664,3.9095721
2023-02-10 00:00:00+00:00,3.755136,3.8396797
2023-02-11 00:00:00+00:00,3.71856,3.8359063
2023-02-12 00:00:00+00:00,3.560064,3.8202069
2023-02-13 00:00:00+00:00,3.569208,3.9463515
2023-02-14 00:00:00+00:00,3.605784,3.8579283
2023-02-15 00:00:00+00:00,3.724656,3.3971057
2023-02-16 00:00:00+00:00,3.785616,3.5178525
2023-02-17 00:00:00+00:00,3.834384,3.5583622
2023-02-18 00:00:00+00:00,3.8862,3.7975206
2023-02-19 00:00:00+00:00,3.761232,3.9662905
2023-02-20 00:00:00+00:00,3.709416,4.0524015
2023-02-21 00:00:00+00:00,3.660648,4.167558
2023-02-22 00:00:00+00:00,3.608832,4.011431
2023-02-23 00:00:00+00:00,3.593592,3.9819875
2023-02-24 00:00:00+00:00,3.541776,3.86736
2023-02-25 00:00:00+00:00,3.538728,3.8977923
2023-02-26 00:00:00+00:00,3.575304,3.9804163
2023-02-27 00:00:00+00:00,3.663696,3.9692216
2023-02-28 00:00:00+00:00,3.803904,3.992834
2023-03-01 00:00:00+00:00,3.904488,4.0074005
2023-03-02 00:00:00+00:00,3.971544,4.070175
2023-03-03 00:00:00+00:00,4.14528,4.145753
2023-03-04 00:00:00+00:00,4.123944,4.1523366
2023-03-05 00:00:00+00:00,4.154424,4.1770215
2023-03-06 00:00:00+00:00,4.194048,4.2131453
2023-03-07 00:00:00+00:00,4.212336,4.4578934
2023-03-08 00:00:00+00:00,4.245864,4.5259132
2023-03-09 00:00:00+00:00,4.306824,4.3473463
2023-03-10 00:00:00+00:00,4.379976,4.4687896
2023-03-11 00:00:00+00:00,4.428744,4.588151
2023-03-12 00:00:00+00:00,4.498848,4.685112
2023-03-13 00:00:00+00:00,4.581144,4.7875266
2023-03-14 00:00:00+00:00,4.700016,4.844755
2023-03-15 00:00:00+00:00,4.760976,4.883997
2023-03-16 00:00:00+00:00,4.81584,4.92066
2023-03-17 00:00:00+00:00,4.93776,5.0153227
2023-03-18 00:00:00+00:00,5.141976,5.0865946
2023-03-19 00:00:00+00:00,5.19684,5.116845
2023-03-20 00:00:00+00:00,5.190744,5.2154174
2023-03-21 00:00:00+00:00,5.160264,5.4016685
2023-03-22 00:00:00+00:00,5.123688,5.436515
2023-03-23 00:00:00+00:00,5.041392,5.3634896
2023-03-24 00:00:00+00:00,4.943856,5.2696285
2023-03-25 00:00:00+00:00,4.812792,5.206999
2023-03-26 00:00:00+00:00,4.660392,5.1176834
2023-03-27 00:00:00+00:00,4.492752,5.0156612
2023-03-28 00:00:00+00:00,4.334256,4.892914
2023-03-29 00:00:00+00:00,4.2672,4.762968
2023-03-30 00:00:00+00:00,4.28244,4.516293
2023-03-31 00:00:00+00:00,4.309872,4.2757063
2023-04-01 00:00:00+00:00,4.3434,4.359351
2023-04-02 00:00:00+00:00,4.37388,4.5338397
2023-04-03 00:00:00+00:00,4.456176,4.6727695
2023-04-04 00:00:00+00:00,4.538472,4.7395
2023-04-05 00:00:00+00:00,4.636008,4.7657175
2023-04-06 00:00:00+00:00,4.654296,4.8156857
2023-04-07 00:00:00+00:00,4.712208,4.909114
2023-04-08 00:00:00+00:00,4.821936,5.014986
2023-04-09 00:00:00+00:00,4.90728,5.0668254
2023-04-10 00:00:00+00:00,4.934712,5.060116
2023-04-11 00:00:00+00:00,5.032248,5.1572647
2023-04-12 00:00:00+00:00,5.041392,5.285262
2023-04-13 00:00:00+00:00,5.190744,5.338302
2023-04-14 00:00:00+00:00,5.050536,5.40646
2023-04-15 00:00:00+00:00,5.035296,5.3949165
2023-04-16 00:00:00+00:00,5.04444,5.4603424
2023-04-17 00:00:00+00:00,4.93776,5.276199
2023-04-18 00:00:00+00:00,4.864608,5.1824527
2023-04-19 00:00:00+00:00,4.764024,5.144477
2023-04-20 00:00:00+00:00,4.642104,5.0362954
2023-04-21 00:00:00+00:00,4.4958,4.945355
2023-04-22 00:00:00+00:00,4.340352,4.792613
2023-04-23 00:00:00+00:00,4.218432,4.674737
2023-04-24 00:00:00+00:00,4.105656,4.513012
2023-04-25 00:00:00+00:00,3.974592,4.3461685
2023-04-26 00:00:00+00:00,3.81,4.2047777
2023-04-27 00:00:00+00:00,3.685032,4.0688095
2023-04-28 00:00:00+00:00,3.53568,3.9454398
2023-04-29 00:00:00+00:00,3.416808,3.7420392
2023-04-30 00:00:00+00:00,3.304032,3.56529
2023-05-01 00:00:00+00:00,3.18516,3.4561095
2023-05-02 00:00:00+00:00,3.06324,3.3849874
2023-05-03 00:00:00+00:00,2.990088,3.281725
2023-05-04 00:00:00+00:00,2.938272,3.2276402
2023-05-05 00:00:00+00:00,2.831592,3.037385
2023-05-06 00:00:00+00:00,2.752344,3.0152893
2023-05-07 00:00:00+00:00,2.715768,3.0061402
2023-05-08 00:00:00+00:00,2.667,2.8677127
2023-05-09 00:00:00+00:00,2.62128,2.780241
2023-05-10 00:00:00+00:00,2.612136,2.741434
2023-05-11 00:00:00+00:00,2.648712,2.7149222
2023-05-12 00:00:00+00:00,2.718816,2.740104
2023-05-13 00:00:00+00:00,2.822448,2.769367
2023-05-14 00:00:00+00:00,2.898648,2.7271552
2023-05-15 00:00:00+00:00,2.999232,2.795382
2023-05-16 00:00:00+00:00,3.115056,2.9541075
2023-05-17 00:00:00+00:00,3.221736,2.951419
2023-05-18 00:00:00+00:00,3.288792,3.0660782
2023-05-19 00:00:00+00:00,3.304032,3.1821423
2023-05-20 00:00:00+00:00,3.319272,3.3037665
2023-05-21 00:00:00+00:00,3.310128,3.3758762
2023-05-22 00:00:00+00:00,3.313176,3.3155506
2023-05-23 00:00:00+00:00,3.33756,3.2425334
2023-05-24 00:00:00+00:00,3.334512,3.196433
2023-05-25 00:00:00+00:00,3.39852,3.2169404
2023-05-26 00:00:00+00:00,3.380232,3.2692719
2023-05-27 00:00:00+00:00,3.304032,3.3017125
2023-05-28 00:00:00+00:00,3.252216,3.3653445
2023-05-29 00:00:00+00:00,3.10896,3.3500702
2023-05-30 00:00:00+00:00,2.996184,3.2486444
2023-05-31 00:00:00+00:00,2.862072,3.0954375
2023-06-01 00:00:00+00:00,2.721864,2.89582
2023-06-02 00:00:00+00:00,2.602992,2.7263823
2023-06-03 00:00:00+00:00,2.389632,2.555471
2023-06-04 00:00:00+00:00,2.151888,2.3879485
2023-06-05 00:00:00+00:00,1.9720559,2.2950072
2023-06-06 00:00:00+00:00,1.807464,2.103415
2023-06-07 00:00:00+00:00,1.70688,1.8647528
2023-06-08 00:00:00+00:00,1.652016,1.6955937
2023-06-09 00:00:00+00:00,1.58496,1.5839697
2023-06-10 00:00:00+00:00,1.530096,1.5432988
2023-06-11 00:00:00+00:00,1.490472,1.5379269
2023-06-12 00:00:00+00:00,1.441704,1.5089926
2023-06-13 00:00:00+00:00,1.41732,1.4824232
2023-06-14 00:00:00+00:00,1.383792,1.443427
2023-06-15 00:00:00+00:00,1.347216,1.3956861
2023-06-16 00:00:00+00:00,1.283208,1.3746628
2023-06-17 00:00:00+00:00,1.2009119,1.3312428
2023-06-18 00:00:00+00:00,1.12776,1.2953112
2023-06-19 00:00:00+00:00,1.139952,1.275618
2023-06-20 00:00:00+00:00,1.1003278,1.2372929
2023-06-21 00:00:00+00:00,1.0607041,1.2012476
2023-06-22 00:00:00+00:00,1.02108,1.2045672
2023-06-23 00:00:00+00:00,0.996696,1.2044467
2023-06-24 00:00:00+00:00,0.94183207,1.2290844
2023-06-25 00:00:00+00:00,0.9662161,1.2435687
2023-06-26 00:00:00+00:00,0.9845041,1.2344413
2023-06-27 00:00:00+00:00,0.9875518,1.2213736
2023-06-28 00:00:00+00:00,1.002792,1.2448627
2023-06-29 00:00:00+00:00,1.0058398,1.2531803
2023-06-30 00:00:00+00:00,1.0363201,1.2386899
2023-07-01 00:00:00+00:00,0.9784081,1.2246481
2023-07-02 00:00:00+00:00,0.92964005,1.1787039
2023-07-03 00:00:00+00:00,0.8869679,1.1498595
2023-07-04 00:00:00+00:00,0.8107679,1.0979253
2023-07-05 00:00:00+00:00,0.740664,1.0725927
2023-07-06 00:00:00+00:00,0.7620001,1.0530175
2023-07-07 00:00:00+00:00,0.7741921,1.0368294
2023-07-08 00:00:00+00:00,0.856488,1.0402576
2023-07-09 00:00:00+00:00,0.9144,1.0612876
2023-07-10 00:00:00+00:00,1.0119358,1.0749079
2023-07-11 00:00:00+00:00,1.0607041,1.1130146
2023-07-12 00:00:00+00:00,1.12776,1.1365049
2023-07-13 00:00:00+00:00,1.1826239,1.1702784
2023-07-14 00:00:00+00:00,1.17348,1.1947441
2023-07-15 00:00:00+00:00,1.1673841,1.2302448
2023-07-16 00:00:00+00:00,1.1247121,1.2617964
2023-07-17 00:00:00+00:00,1.1460478,1.261493
2023-07-18 00:00:00+00:00,1.1308081,1.2639409
2023-07-19 00:00:00+00:00,1.1125201,1.2624606
2023-07-20 00:00:00+00:00,1.0942318,1.2811673
2023-07-21 00:00:00+00:00,1.1125201,1.301326
2023-07-22 00:00:00+00:00,1.0881358,1.3087003
2023-07-23 00:00:00+00:00,1.1064239,1.3155916
2023-07-24 00:00:00+00:00,1.103376,1.3078321
2023-07-25 00:00:00+00:00,1.0942318,1.3103081
2023-07-26 00:00:00+00:00,1.133856,1.3046591
2023-07-27 00:00:00+00:00,1.2374882,1.2789726
2023-07-28 00:00:00+00:00,1.258824,1.2514421
2023-07-29 00:00:00+00:00,1.289304,1.260367
2023-07-30 00:00:00+00:00,1.23444,1.2932154
2023-07-31 00:00:00+00:00,1.216152,1.3093702
2023-08-01 00:00:00+00:00,1.085088,1.3280935
2023-08-02 00:00:00+00:00,1.0058398,1.2916143
2023-08-03 00:00:00+00:00,0.94488,1.271287
2023-08-04 00:00:00+00:00,0.88391995,1.2100286
2023-08-05 00:00:00+00:00,0.9144,1.1636431
2023-08-06 00:00:00+00:00,0.908304,1.1152719
2023-08-07 00:00:00+00:00,0.94488,1.0883904
2023-08-08 00:00:00+00:00,0.9906,1.0990657
2023-08-09 00:00:00+00:00,1.008888,1.089246
2023-08-10 00:00:00+00:00,0.9997438,1.0901693
2023-08-11 00:00:00+00:00,0.996696,1.1018157
2023-08-12 00:00:00+00:00,0.99364805,1.0961194
2023-08-13 00:00:00+00:00,1.0180321,1.0935909
2023-08-14 00:00:00+00:00,1.063752,1.0925833
2023-08-15 00:00:00+00:00,1.091184,1.091806
2023-08-16 00:00:00+00:00,1.1369041,1.1187555
2023-08-17 00:00:00+00:00,1.191768,1.16946
2023-08-18 00:00:00+00:00,1.1704319,1.218576
2023-08-19 00:00:00+00:00,1.17348,1.2779858
2023-08-20 00:00:00+00:00,1.197864,1.322844
2023-08-21 00:00:00+00:00,1.292352,1.3022486
2023-08-22 00:00:00+00:00,1.4478,1.2969261
2023-08-23 00:00:00+00:00,1.365504,1.294056
2023-08-24 00:00:00+00:00,1.405128,1.3114637
2023-08-25 00:00:00+00:00,1.469136,1.3877547
2023-08-26 00:00:00+00:00,1.450848,1.3513179
2023-08-27 00:00:00+00:00,1.423416,1.3780221
2023-08-28 00:00:00+00:00,1.38684,1.3793825
2023-08-29 00:00:00+00:00,1.319784,1.3226969
2023-08-30 00:00:00+00:00,1.338072,1.312937
2023-08-31 00:00:00+00:00,1.1826239,1.3002921
2023-09-01 00:00:00+00:00,1.133856,1.2650684
2023-09-02 00:00:00+00:00,1.027176,1.2648693
2023-09-03 00:00:00+00:00,1.0241281,1.2022169
2023-09-04 00:00:00+00:00,1.091184,1.1582806
2023-09-05 00:00:00+00:00,1.2009119,1.0899167
2023-09-06 00:00:00+00:00,1.2070081,1.0516101
2023-09-07 00:00:00+00:00,1.1887199,1.080263
2023-09-08 00:00:00+00:00,1.1704319,1.111604
2023-09-09 00:00:00+00:00,1.063752,1.1167575
2023-09-10 00:00:00+00:00,0.996696,1.113203
2023-09-11 00:00:00+00:00,0.92964005,1.0869683
2023-09-12 00:00:00+00:00,0.89611197,1.0378315
2023-09-13 00:00:00+00:00,0.8107679,1.0175562
2023-09-14 00:00:00+00:00,0.8138161,0.98843455
2023-09-15 00:00:00+00:00,0.77724004,0.96414566
2023-09-16 00:00:00+00:00,0.76809597,0.9533868
2023-09-17 00:00:00+00:00,0.7833359,0.95033205
2023-09-18 00:00:00+00:00,0.816864,0.9335958
2023-09-19 00:00:00+00:00,0.83819985,0.92792416
2023-09-20 00:00:00+00:00,0.92354405,0.9350698
2023-09-21 00:00:00+00:00,1.103376,0.9323491
2023-09-22 00:00:00+00:00,1.045464,0.93048716
2023-09-23 00:00:00+00:00,1.057656,0.95636046
2023-09-24 00:00:00+00:00,1.0241281,1.0169811
2023-09-25 00:00:00+00:00,0.932688,1.0002542
2023-09-26 00:00:00+00:00,0.92354405,1.0036479
2023-09-27 00:00:00+00:00,0.9144,0.9781755
2023-09-28 00:00:00+00:00,1.05156,0.9601344
2023-09-29 00:00:00+00:00,1.0424161,0.9785398
2023-09-30 00:00:00+00:00,0.98145604,0.9692291
2023-10-01 00:00:00+00:00,1.0607041,0.9996815
2023-10-02 00:00:00+00:00,1.1612881,1.0099539
2023-10-03 00:00:00+00:00,1.197864,1.0010083
2023-10-04 00:00:00+00:00,1.115568,1.0110805
2023-10-05 00:00:00+00:00,1.1308081,1.0169444
2023-10-06 00:00:00+00:00,1.1490961,1.0323792
2023-10-07 00:00:00+00:00,1.197864,1.0178635
2023-10-08 00:00:00+00:00,1.12776,1.0115039
2023-10-09 00:00:00+00:00,0.9662161,0.9899564
2023-10-10 00:00:00+00:00,0.8900161,1.0084376
2023-10-11 00:00:00+00:00,0.932688,1.0044984
2023-10-12 00:00:00+00:00,1.466088,0.9587034
2023-10-13 00:00:00+00:00,1.0728961,0.9370909
2023-10-14 00:00:00+00:00,0.89916015,0.9397242
2023-10-15 00:00:00+00:00,0.8473439,1.1120144
2023-10-16 00:00:00+00:00,0.85344005,1.0325203
2023-10-17 00:00:00+00:00,0.78943205,0.9590486
2023-10-18 00:00:00+00:00,0.77724004,0.89967394
2023-10-19 00:00:00+00:00,0.90525603,0.87366915
2023-10-20 00:00:00+00:00,1.0058398,0.8957453
2023-10-21 00:00:00+00:00,0.9784081,0.8986423
2023-10-22 00:00:00+00:00,0.96926403,0.9194008
2023-10-23 00:00:00+00:00,0.94183207,0.9474355
2023-10-24 00:00:00+00:00,0.963168,0.9596449
2023-10-25 00:00:00+00:00,0.91744804,0.9679744
2023-10-26 00:00:00+00:00,0.8747761,0.94978464
2023-10-27 00:00:00+00:00,0.81991196,0.94882286
2023-10-28 00:00:00+00:00,0.829056,0.94883645
2023-10-29 00:00:00+00:00,0.844296,0.9470029
2023-10-30 00:00:00+00:00,0.94488,0.93796885
2023-10-31 00:00:00+00:00,1.0363201,0.9326682
2023-11-01 00:00:00+00:00,1.191768,0.937011
2023-11-02 00:00:00+00:00,1.0698478,0.97327673
2023-11-03 00:00:00+00:00,0.99364805,1.0187013
2023-11-04 00:00:00+00:00,1.0698478,1.0858717
2023-11-05 00:00:00+00:00,0.96926403,1.0573448
2023-11-06 00:00:00+00:00,0.9753598,1.0405047
2023-11-07 00:00:00+00:00,0.9479281,1.0597631
2023-11-08 00:00:00+00:00,0.91744804,1.0157636
2023-11-09 00:00:00+00:00,0.9113518,1.0367311
2023-11-10 00:00:00+00:00,0.94488,1.0326138
2023-11-11 00:00:00+00:00,0.9753598,1.0059541
2023-11-12 00:00:00+00:00,0.926592,1.016988
2023-11-13 00:00:00+00:00,1.0058398,1.0223403
2023-11-14 00:00:00+00:00,1.1430001,1.035053
2023-11-15 00:00:00+00:00,1.481328,1.0291964
2023-11-16 00:00:00+00:00,1.563624,1.0630405
2023-11-17 00:00:00+00:00,1.191768,1.102868
2023-11-18 00:00:00+00:00,1.05156,1.2357868
2023-11-19 00:00:00+00:00,1.085088,1.3064202
2023-11-20 00:00:00+00:00,0.9906,1.12385
2023-11-21 00:00:00+00:00,1.0546081,1.0344478
2023-11-22 00:00:00+00:00,0.80162406,0.9922781
2023-11-23 00:00:00+00:00,0.765048,0.9449295
2023-11-24 00:00:00+00:00,0.704088,0.99975383
2023-11-25 00:00:00+00:00,0.676656,0.95714223
2023-11-26 00:00:00+00:00,0.856488,0.9368347
2023-11-27 00:00:00+00:00,0.804672,0.9338286
2023-11-28 00:00:00+00:00,0.804672,0.91712606
2023-11-29 00:00:00+00:00,0.73761606,0.98232234
2023-11-30 00:00:00+00:00,0.86563206,0.98369956
2023-12-01 00:00:00+00:00,1.17348,0.9988495
2023-12-02 00:00:00+00:00,1.1643358,0.96876705
2023-12-03 00:00:00+00:00,1.0668001,0.9662633
2023-12-04 00:00:00+00:00,0.9540241,1.062854
2023-12-05 00:00:00+00:00,0.9113518,1.1023943
2023-12-06 00:00:00+00:00,0.829056,1.0972916
2023-12-07 00:00:00+00:00,0.728472,1.0343131
2023-12-08 00:00:00+00:00,0.7193279,0.99833775
2023-12-09 00:00:00+00:00,0.78638387,0.97254336
2023-12-10 00:00:00+00:00,0.7985761,0.9517971
2023-12-11 00:00:00+00:00,0.72542405,0.94827354
2023-12-12 00:00:00+00:00,0.67360806,0.9646565
2023-12-13 00:00:00+00:00,0.82296014,0.9787468
2023-12-14 00:00:00+00:00,0.9997438,0.9731405
2023-12-15 00:00:00+00:00,1.2131041,0.9514797
2023-12-16 00:00:00+00:00,1.243584,0.9701593
2023-12-17 00:00:00+00:00,1.274064,1.0203267
2023-12-18 00:00:00+00:00,0.94183207,1.1382178
2023-12-19 00:00:00+00:00,0.87172794,1.1594715
2023-12-20 00:00:00+00:00,0.8107679,1.1645643
2023-12-21 00:00:00+00:00,0.72542405,1.0126446
2023-12-22 00:00:00+00:00,0.728472,0.96935546
2023-12-23 00:00:00+00:00,0.6827519,0.92936254
2023-12-24 00:00:00+00:00,0.79248,0.8969445
2023-12-25 00:00:00+00:00,1.057656,0.9342253
2023-12-26 00:00:00+00:00,0.88391995,0.93442845
2023-12-27 00:00:00+00:00,0.87782407,0.97285604
2023-12-28 00:00:00+00:00,0.84124804,1.0727563
2023-12-29 00:00:00+00:00,0.740664,1.0383105
2023-12-30 00:00:00+00:00,0.6979921,1.0460278
2023-12-31 00:00:00+00:00,0.71018386,0.9947274
2024-01-01 00:00:00+00:00,0.7498081,0.9367511
2024-01-02 00:00:00+00:00,0.86563206,0.94193196
2024-01-03 00:00:00+00:00,0.7741921,0.95240724
2024-01-04 00:00:00+00:00,0.816864,0.9776428
2024-01-05 00:00:00+00:00,0.6431279,1.0331305
2024-01-06 00:00:00+00:00,0.728472,1.0264728
2024-01-07 00:00:00+00:00,0.728472,1.043402
2024-01-08 00:00:00+00:00,0.79248,0.9815459
2024-01-09 00:00:00+00:00,1.210056,0.97810674
2024-01-10 00:00:00+00:00,0.9753598,0.9905579
2024-01-11 00:00:00+00:00,1.0668001,1.0228797
2024-01-12 00:00:00+00:00,1.258824,1.2254136
2024-01-13 00:00:00+00:00,1.0607041,1.2065983
2024-01-14 00:00:00+00:00,1.12776,1.2761896
2024-01-15 00:00:00+00:00,1.1064239,1.392699
2024-01-16 00:00:00+00:00,1.17348,1.4158477
2024-01-17 00:00:00+00:00,1.1003278,1.6452131
2024-01-18 00:00:00+00:00,1.121664,1.6470467
2024-01-19 00:00:00+00:00,1.359408,1.717968
2024-01-20 00:00:00+00:00,1.627632,1.7851048
2024-01-21 00:00:00+00:00,1.865376,1.8229349
2024-01-22 00:00:00+00:00,2.0574,1.9747207
2024-01-23 00:00:00+00:00,2.267712,2.1218333
2024-01-24 00:00:00+00:00,2.359152,2.3284774
2024-01-25 00:00:00+00:00,2.563368,2.491975
2024-01-26 00:00:00+00:00,2.749296,2.560814
2024-01-27 00:00:00+00:00,2.862072,2.5401516
2024-01-28 00:00:00+00:00,2.807208,2.6573606
2024-01-29 00:00:00+00:00,2.785872,2.6678343
2024-01-30 00:00:00+00:00,2.721864,3.053645
2024-01-31 00:00:00+00:00,2.721864,3.0875397
2024-02-01 00:00:00+00:00,2.855976,3.0776649
2024-02-02 00:00:00+00:00,2.996184,3.0667374
2024-02-03 00:00:00+00:00,3.151632,3.1409047
2024-02-04 00:00:00+00:00,3.502152,3.3742607
2024-02-05 00:00:00+00:00,3.614928,3.6448333
2024-02-06 00:00:00+00:00,3.76428,3.867259
2024-02-07 00:00:00+00:00,3.852672,4.289049
2024-02-08 00:00:00+00:00,3.998976,4.3493543
2024-02-09 00:00:00+00:00,4.126992,4.457261
2024-02-10 00:00:00+00:00,4.230624,4.481102
2024-02-11 00:00:00+00:00,4.288536,4.5371532
2024-02-12 00:00:00+00:00,4.334256,4.57197
2024-02-13 00:00:00+00:00,4.248912,4.5967402
2024-02-14 00:00:00+00:00,4.215384,4.4699306
2024-02-15 00:00:00+00:00,4.163568,4.4122186
2024-02-16 00:00:00+00:00,4.126992,4.296029
2024-02-17 00:00:00+00:00,4.102608,4.238319
2024-02-18 00:00:00+00:00,4.13004,4.199049
2024-02-19 00:00:00+00:00,3.97764,4.210412
2024-02-20 00:00:00+00:00,3.84048,4.1864676
2024-02-21 00:00:00+00:00,3.727704,4.230302
2024-02-22 00:00:00+00:00,3.697224,3.9535065
2024-02-23 00:00:00+00:00,3.706368,3.6970747
2024-02-24 00:00:00+00:00,3.6576,3.5088317
2024-02-25 00:00:00+00:00,3.608832,3.5593834
2024-02-26 00:00:00+00:00,3.569208,3.5881693
2024-02-27 00:00:00+00:00,3.511296,3.5082734
2024-02-28 00:00:00+00:00,3.392424,3.4187675
2024-02-29 00:00:00+00:00,3.361944,3.33937
2024-03-01 00:00:00+00:00,3.188208,3.2682478
2024-03-02 00:00:00+00:00,2.935224,3.1054125
2024-03-03 00:00:00+00:00,2.77368,3.0700963
2024-03-04 00:00:00+00:00,2.645664,2.9047918
2024-03-05 00:00:00+00:00,2.706624,2.567808
2024-03-06 00:00:00+00:00,2.490216,2.428915
2024-03-07 00:00:00+00:00,2.37744,2.380138
2024-03-08 00:00:00+00:00,2.334768,2.4845178
2024-03-09 00:00:00+00:00,2.334768,2.3643508
2024-03-10 00:00:00+00:00,2.398776,2.2675164
2024-03-11 00:00:00+00:00,2.459736,2.2104964
2024-03-12 00:00:00+00:00,2.429256,2.2612212
2024-03-13 00:00:00+00:00,2.39268,2.4672582
2024-03-14 00:00:00+00:00,2.3622,2.6257887
2024-03-15 00:00:00+00:00,2.359152,2.610058
2024-03-16 00:00:00+00:00,2.3622,2.5454803
2024-03-17 00:00:00+00:00,2.383536,2.4818037
2024-03-18 00:00:00+00:00,2.57556,2.3305023
2024-03-19 00:00:00+00:00,2.807208,2.4477987
2024-03-20 00:00:00+00:00,2.913888,2.7441244
2024-03-21 00:00:00+00:00,2.980944,2.791565
2024-03-22 00:00:00+00:00,3.133344,3.0914226
2024-03-23 00:00:00+00:00,3.2004,3.2742913
2024-03-24 00:00:00+00:00,3.26136,3.436194
2024-03-25 00:00:00+00:00,3.364992,3.535611
2024-03-26 00:00:00+00:00,3.441192,3.4703743
2024-03-27 00:00:00+00:00,3.429,3.5076668
2024-03-28 00:00:00+00:00,3.380232,3.553792
2024-03-29 00:00:00+00:00,3.304032,3.6139784
2024-03-30 00:00:00+00:00,3.264408,3.5273218
2024-03-31 00:00:00+00:00,3.227832,3.5221982
2024-04-01 00:00:00+00:00,3.160776,3.3926797
2024-04-02 00:00:00+00:00,3.041904,3.4042666
2024-04-03 00:00:00+00:00,2.874264,3.34572
2024-04-04 00:00:00+00:00,2.734056,3.2560508
2024-04-05 00:00:00+00:00,2.538984,3.1595018
2024-04-06 00:00:00+00:00,2.37744,2.9831
2024-04-07 00:00:00+00:00,2.337816,2.7760959
2024-04-08 00:00:00+00:00,2.231136,2.4959688
2024-04-09 00:00:00+00:00,2.206752,2.3162506
2024-04-10 00:00:00+00:00,2.31648,2.356317
2024-04-11 00:00:00+00:00,2.37744,2.389454
2024-04-12 00:00:00+00:00,2.566416,2.482675
2024-04-13 00:00:00+00:00,2.868168,2.6345825
2024-04-14 00:00:00+00:00,3.172968,2.7714026
2024-04-15 00:00:00+00:00,3.456432,2.8989682
2024-04-16 00:00:00+00:00,3.776472,3.1954336
2024-04-17 00:00:00+00:00,3.989832,3.6907759
2024-04-18 00:00:00+00:00,4.166616,3.9903498
2024-04-19 00:00:00+00:00,4.29768,4.294804
2024-04-20 00:00:00+00:00,4.355592,4.52909
2024-04-21 00:00:00+00:00,4.413504,4.624435
2024-04-22 00:00:00+00:00,4.489704,4.626049
2024-04-23 00:00:00+00:00,4.4958,4.5949125
2024-04-24 00:00:00+00:00,4.453128,4.5626736
2024-04-25 00:00:00+00:00,4.38912,4.6345224
2024-04-26 00:00:00+00:00,4.361688,4.67387
2024-04-27 00:00:00+00:00,4.40436,4.5840445
2024-04-28 00:00:00+00:00,4.386072,4.3992205
2024-04-29 00:00:00+00:00,4.398264,4.3809814
2024-04-30 00:00:00+00:00,4.370832,4.5296383
2024-05-01 00:00:00+00:00,4.334256,4.519053
2024-05-02 00:00:00+00:00,4.300728,4.444989
2024-05-03 00:00:00+00:00,4.261104,4.338133
2024-05-04 00:00:00+00:00,4.197096,4.222287
2024-05-05 00:00:00+00:00,4.126992,4.100007
2024-05-06 00:00:00+00:00,4.075176,4.0035458
2024-05-07 00:00:00+00:00,4.014216,3.920867
2024-05-08 00:00:00+00:00,3.99288,3.9063935
2024-05-09 00:00:00+00:00,3.989832,3.946532
2024-05-10 00:00:00+00:00,3.989832,3.9380774
2024-05-11 00:00:00+00:00,4.05384,3.9906583
2024-05-12 00:00:00+00:00,4.136136,4.001401
2024-05-13 00:00:00+00:00,4.248912,4.0424967
2024-05-14 00:00:00+00:00,4.459224,4.183838
2024-05-15 00:00:00+00:00,4.471416,4.3596396
2024-05-16 00:00:00+00:00,4.520184,4.5535707
2024-05-17 00:00:00+00:00,4.666488,4.7962823
2024-05-18 00:00:00+00:00,4.712208,4.830245
2024-05-19 00:00:00+00:00,4.748784,4.818422
2024-05-20 00:00:00+00:00,4.776216,4.8633437
2024-05-21 00:00:00+00:00,4.818888,4.852501
2024-05-22 00:00:00+00:00,4.849368,4.793119
2024-05-23 00:00:00+00:00,4.824984,4.738291
2024-05-24 00:00:00+00:00,4.834128,4.723958
2024-05-25 00:00:00+00:00,4.818888,4.7499723
2024-05-26 00:00:00+00:00,4.8006,4.723774
2024-05-27 00:00:00+00:00,4.75488,4.718648
2024-05-28 00:00:00+00:00,4.712208,4.712337
2024-05-29 00:00:00+00:00,4.681728,4.694238
2024-05-30 00:00:00+00:00,4.67868,4.6517787
2024-05-31 00:00:00+00:00,4.651248,4.611026
2024-06-01 00:00:00+00:00,4.642104,4.5922036
2024-06-02 00:00:00+00:00,4.605528,4.6066747
2024-06-03 00:00:00+00:00,4.572,4.5907364
2024-06-04 00:00:00+00:00,4.523232,4.5740094
2024-06-05 00:00:00+00:00,4.492752,4.526472
2024-06-06 00:00:00+00:00,4.483608,4.47843
2024-06-07 00:00:00+00:00,4.501896,4.4061465
2024-06-08 00:00:00+00:00,4.514088,4.349864
2024-06-09 00:00:00+00:00,4.523232,4.332521
2024-06-10 00:00:00+00:00,4.562856,4.3482156
2024-06-11 00:00:00+00:00,4.565904,4.410541
2024-06-12 00:00:00+00:00,4.605528,4.4454017
2024-06-13 00:00:00+00:00,4.584192,4.5106063
2024-06-14 00:00:00+00:00,4.547616,4.5347385
2024-06-15 00:00:00+00:00,4.498848,4.579144
2024-06-16 00:00:00+00:00,4.477512,4.6191354
2024-06-17 00:00:00+00:00,4.428744,4.6541853
2024-06-18 00:00:00+00:00,4.398264,4.6340165
2024-06-19 00:00:00+00:00,4.468368,4.6201468
2024-06-20 00:00:00+00:00,4.334256,4.5784297
2024-06-21 00:00:00+00:00,4.072128,4.5259976
2024-06-22 00:00:00+00:00,3.788664,4.6180043
2024-06-23 00:00:00+00:00,3.438144,4.3839393
2024-06-24 00:00:00+00:00,3.112008,3.939603
2024-06-25 00:00:00+00:00,2.776728,3.455031
2024-06-26 00:00:00+00:00,2.474976,2.8334246
2024-06-27 00:00:00+00:00,2.249424,2.4085438
2024-06-28 00:00:00+00:00,2.07264,2.1123202
2024-06-29 00:00:00+00:00,1.969008,1.9229496
2024-06-30 00:00:00+00:00,1.850136,1.858716
2024-07-01 00:00:00+00:00,1.789176,1.8296618
2024-07-02 00:00:00+00:00,1.807464,1.8902932
2024-07-03 00:00:00+00:00,1.755648,1.9042269
2024-07-04 00:00:00+00:00,1.69164,1.9308467
2024-07-05 00:00:00+00:00,1.648968,2.020527
2024-07-06 00:00:00+00:00,1.627632,2.0133734
2024-07-07 00:00:00+00:00,1.6002,1.9689282
2024-07-08 00:00:00+00:00,1.63068,1.9184678
2024-07-09 00:00:00+00:00,1.648968,1.8671728
2024-07-10 00:00:00+00:00,1.618488,1.836348
2024-07-11 00:00:00+00:00,1.682496,1.8790026
2024-07-12 00:00:00+00:00,1.8288,1.9219581
2024-07-13 00:00:00+00:00,1.9507201,1.9176506
2024-07-14 00:00:00+00:00,2.084832,2.024389
2024-07-15 00:00:00+00:00,2.25552,2.1692767
2024-07-16 00:00:00+00:00,2.401824,2.3589177
2024-07-17 00:00:00+00:00,2.4384,2.6048336
2024-07-18 00:00:00+00:00,2.459736,2.805981
2024-07-19 00:00:00+00:00,2.462784,2.967314
2024-07-20 00:00:00+00:00,2.481072,2.9782677
2024-07-21 00:00:00+00:00,2.490216,2.9595253
2024-07-22 00:00:00+00:00,2.481072,2.8711586
2024-07-23 00:00:00+00:00,2.456688,2.8612902
2024-07-24 00:00:00+00:00,2.39268,2.861578
2024-07-25 00:00:00+00:00,2.383536,2.8353426
2024-07-26 00:00:00+00:00,2.459736,2.7551167
2024-07-27 00:00:00+00:00,2.563368,2.5859532
2024-07-28 00:00:00+00:00,2.584704,2.5127528
2024-07-29 00:00:00+00:00,2.569464,2.541392
2024-07-30 00:00:00+00:00,2.481072,2.6809578
2024-07-31 00:00:00+00:00,2.39268,2.6818855
2024-08-01 00:00:00+00:00,2.279904,2.6304991
2024-08-02 00:00:00+00:00,2.154936,2.4898086
2024-08-03 00:00:00+00:00,2.036064,2.340915
2024-08-04 00:00:00+00:00,1.953768,2.1697464
2024-08-05 00:00:00+00:00,1.969008,2.0291486
2024-08-06 00:00:00+00:00,1.877568,1.9311395
2024-08-07 00:00:00+00:00,1.728216,1.860924
2024-08-08 00:00:00+00:00,1.682496,1.8602791
2024-08-09 00:00:00+00:00,1.694688,1.786271
2024-08-10 00:00:00+00:00,1.639824,1.681586
2024-08-11 00:00:00+00:00,1.597152,1.6648669
2024-08-12 00:00:00+00:00,1.578864,1.6202927
2024-08-13 00:00:00+00:00,1.527048,1.5847499
2024-08-14 00:00:00+00:00,1.475232,1.5670204
2024-08-15 00:00:00+00:00,1.466088,1.5383837
2024-08-16 00:00:00+00:00,1.414272,1.4635762
2024-08-17 00:00:00+00:00,1.3716,1.4175191
2024-08-18 00:00:00+00:00,1.28016,1.3977566
2024-08-19 00:00:00+00:00,1.179576,1.347546
2024-08-20 00:00:00+00:00,1.1125201,1.3118633
2024-08-21 00:00:00+00:00,1.0728961,1.2665521
2024-08-22 00:00:00+00:00,1.0881358,1.2160541
2024-08-23 00:00:00+00:00,1.121664,1.1912929
2024-08-24 00:00:00+00:00,1.289304,1.1710548
2024-08-25 00:00:00+00:00,1.222248,1.1773825
2024-08-26 00:00:00+00:00,1.1582398,1.2006098
2024-08-27 00:00:00+00:00,1.17348,1.27089
2024-08-28 00:00:00+00:00,1.1551921,1.2375915
2024-08-29 00:00:00+00:00,1.1430001,1.1972499
2024-08-30 00:00:00+00:00,1.0942318,1.2002889
2024-08-31 00:00:00+00:00,1.1490961,1.1416067
2024-09-01 00:00:00+00:00,1.0698478,1.1367261
2024-09-02 00:00:00+00:00,0.9845041,1.1313553
2024-09-03 00:00:00+00:00,0.9662161,1.150176
2024-09-04 00:00:00+00:00,1.139952,1.1299096
2024-09-05 00:00:00+00:00,1.1247121,1.1011983
2024-09-06 00:00:00+00:00,1.1308081,1.0988575
2024-09-07 00:00:00+00:00,1.1247121,1.1271244
2024-09-08 00:00:00+00:00,1.191768,1.1154664
2024-09-09 00:00:00+00:00,1.17348,1.1248534
2024-09-10 00:00:00+00:00,1.1948159,1.1252095
2024-09-11 00:00:00+00:00,1.328928,1.1124772
2024-09-12 00:00:00+00:00,1.395984,1.1078215
2024-09-13 00:00:00+00:00,1.1887199,1.1092733
2024-09-14 00:00:00+00:00,1.139952,1.1701713
2024-09-15 00:00:00+00:00,1.0820398,1.1766844
2024-09-16 00:00:00+00:00,1.002792,1.1089871
2024-09-17 00:00:00+00:00,0.926592,1.1137772
2024-09-18 00:00:00+00:00,0.950976,1.0850161
2024-09-19 00:00:00+00:00,0.9479281,1.0319792
2024-09-20 00:00:00+00:00,1.0546081,1.0486119
2024-09-21 00:00:00+00:00,1.1247121,1.0827262
2024-09-22 00:00:00+00:00,1.1948159,1.0945742
2024-09-23 00:00:00+00:00,1.2192001,1.1426196
2024-09-24 00:00:00+00:00,1.240536,1.1915514
2024-09-25 00:00:00+00:00,1.240536,1.2205228
2024-09-26 00:00:00+00:00,1.408176,1.2516941
2024-09-27 00:00:00+00:00,1.286256,1.2419938
2024-09-28 00:00:00+00:00,1.0241281,1.2297878
2024-09-29 00:00:00+00:00,0.844296,1.2657409
2024-09-30 00:00:00+00:00,0.893064,1.204243
2024-10-01 00:00:00+00:00,0.856488,1.11296
2024-10-02 00:00:00+00:00,0.893064,1.0801811
2024-10-03 00:00:00+00:00,0.9753598,1.0519413
2024-10-04 00:00:00+00:00,1.0728961,1.0374821
2024-10-05 00:00:00+00:00,1.286256,1.0747117
2024-10-06 00:00:00+00:00,1.377696,1.1485595
2024-10-07 00:00:00+00:00,1.603248,1.170572
2024-10-08 00:00:00+00:00,1.66116,1.2761053
2024-10-09 00:00:00+00:00,1.679448,1.3348514
2024-10-10 00:00:00+00:00,1.603248,1.4828764
2024-10-11 00:00:00+00:00,1.395984,1.5255886
2024-10-12 00:00:00+00:00,1.274064,1.5031205
2024-10-13 00:00:00+00:00,1.271016,1.4618906
2024-10-14 00:00:00+00:00,1.1369041,1.3082633
2024-10-15 00:00:00+00:00,1.1064239,1.247413
2024-10-16 00:00:00+00:00,1.368552,1.2091173
2024-10-17 00:00:00+00:00,1.222248,1.1397665
2024-10-18 00:00:00+00:00,1.039368,1.1463389
2024-10-19 00:00:00+00:00,1.1186161,1.260116
2024-10-20 00:00:00+00:00,1.1490961,1.1770034
2024-10-21 00:00:00+00:00,1.1430001,1.1393596
2024-10-22 00:00:00+00:00,1.109472,1.1808438
2024-10-23 00:00:00+00:00,1.0363201,1.1002823
2024-10-24 00:00:00+00:00,0.9662161,1.097785
2024-10-25 00:00:00+00:00,1.0058398,1.1339078
2024-10-26 00:00:00+00:00,0.8351519,1.0779752
2024-10-27 00:00:00+00:00,0.83210397,1.0386461
2024-10-28 00:00:00+00:00,0.81991196,1.0311006
2024-10-29 00:00:00+00:00,0.83210397,0.9855064
2024-10-30 00:00:00+00:00,0.91744804,0.989403
2024-10-31 00:00:00+00:00,0.84124804,1.000128
2024-11-01 00:00:00+00:00,0.9113518,0.97757316
2024-11-02 00:00:00+00:00,0.9022081,1.0401729
2024-11-03 00:00:00+00:00,0.83819985,1.0160121
2024-11-04 00:00:00+00:00,1.057656,1.0413681
2024-11-05 00:00:00+00:00,1.1887199,1.041359
2024-11-06 00:00:00+00:00,1.0668001,0.99477494
2024-11-07 00:00:00+00:00,1.1125201,1.0819854
2024-11-08 00:00:00+00:00,1.286256,1.1164417
2024-11-09 00:00:00+00:00,1.350264,1.1029444
2024-11-10 00:00:00+00:00,1.383792,1.197037
2024-11-11 00:00:00+00:00,1.405128,1.2487344
2024-11-12 00:00:00+00:00,1.58496,1.299038
2024-11-13 00:00:00+00:00,1.271016,1.4592831
2024-11-14 00:00:00+00:00,1.304544,1.5357397
2024-11-15 00:00:00+00:00,1.484376,1.6024739
2024-11-16 00:00:00+00:00,1.597152,1.4934707
2024-11-17 00:00:00+00:00,1.655064,1.4923109
2024-11-18 00:00:00+00:00,1.776984,1.5506952
2024-11-19 00:00:00+00:00,2.005584,1.6237818
2024-11-20 00:00:00+00:00,1.926336,1.7510029
2024-11-21 00:00:00+00:00,1.865376,1.8593711
2024-11-22 00:00:00+00:00,1.679448,1.9967604
2024-11-23 00:00:00+00:00,1.639824,1.8856126
2024-11-24 00:00:00+00:00,1.58496,1.8596926
2024-11-25 00:00:00+00:00,1.572768,1.7381599
2024-11-26 00:00:00+00:00,1.520952,1.6650513
2024-11-27 00:00:00+00:00,1.453896,1.6413008
2024-11-28 00:00:00+00:00,1.38684,1.6127032
2024-11-29 00:00:00+00:00,1.511808,1.6159585
2024-11-30 00:00:00+00:00,1.46304,1.5679581
2024-12-01 00:00:00+00:00,1.197864,1.5300889
2024-12-02 00:00:00+00:00,1.1247121,1.5590601
2024-12-03 00:00:00+00:00,1.057656,1.5130131
2024-12-04 00:00:00+00:00,1.085088,1.3776041
2024-12-05 00:00:00+00:00,1.2252961,1.3575501
2024-12-06 00:00:00+00:00,1.365504,1.2811362
2024-12-07 00:00:00+00:00,1.304544,1.2451191
2024-12-08 00:00:00+00:00,1.2374882,1.3377397
2024-12-09 00:00:00+00:00,1.1948159,1.4050184
2024-12-10 00:00:00+00:00,1.1887199,1.4098779
2024-12-11 00:00:00+00:00,1.1186161,1.3921913
2024-12-12 00:00:00+00:00,0.94488,1.3530067
2024-12-13 00:00:00+00:00,0.9113518,1.2909092
2024-12-14 00:00:00+00:00,0.9753598,1.2651657
2024-12-15 00:00:00+00:00,0.9875518,1.2133112
2024-12-16 00:00:00+00:00,1.0607041,1.1961616
2024-12-17 00:00:00+00:00,1.0546081,1.1941206
2024-12-18 00:00:00+00:00,1.039368,1.1806017
2024-12-19 00:00:00+00:00,1.1186161,1.2461042
2024-12-20 00:00:00+00:00,1.0302241,1.2791084
2024-12-21 00:00:00+00:00,1.057656,1.2870152
2024-12-22 00:00:00+00:00,1.1003278,1.3620008
2024-12-23 00:00:00+00:00,1.1643358,1.3875922
2024-12-24 00:00:00+00:00,1.24968,1.4588128
2024-12-25 00:00:00+00:00,1.450848,1.5206549
2024-12-26 00:00:00+00:00,1.682496,1.5788383
2024-12-27 00:00:00+00:00,1.917192,1.6863159
2024-12-28 00:00:00+00:00,2.1336,1.8030183
2024-12-29 00:00:00+00:00,2.414016,1.9519751
2024-12-30 00:00:00+00:00,2.584704,2.1589355
2024-12-31 00:00:00+00:00,2.72796,2.4720693
